event_name,Lamp5,Pvalb,Serpinf1,Sncg,Sst,Vip,cpm,fi_fit_slope,hero_adapt,hero_avg_rate,hero_first_isi,hero_isi_cv,hero_latency,hero_mean_isi,hero_median_isi,hero_stim_amp,input_resistance,rheo_fast_trough_t,rheo_fast_trough_v,rheo_peak_t,rheo_peak_v,rheo_threshold_v,rheo_trough_t,rheo_trough_v,rheo_upstroke_downstroke_ratio,rheo_width,rheobase_i,sag,soma_depth,subclass,tau,v_baseline,vm_for_sag
Scn1a_2_66181571_-,3.567678027557416e-61,1.0126365597450199e-95,0.11816646025863732,2.5247585275618742e-05,3.9317790284869815e-05,0.05779555931105629,1.4563422930755955e-43,2.5699616762917092e-48,0.00019970333011225705,1.4149896893675245e-31,4.023653844126367e-18,0.055285223286192835,0.794564124946214,8.49120433236263e-46,1.0090084731528555e-50,2.5299472758838385e-46,5.6214672498086744e-37,3.493711396682122e-12,2.708759159140976e-20,1.3214762055912315e-11,2.345582280844323e-08,0.36420374068082767,6.684631614976444e-13,6.937881395488146e-17,2.142604686414436e-136,2.820014977533578e-116,4.166971563293783e-46,0.7570562722281664,0.0624119470938606,6.712682957128411e-143,1.4495944851948775e-28,0.0005699202022866687,1.2597266542132264e-14
Gria3_X_40761095_+,1.8185214960050355e-16,4.086605101578138e-26,0.9212562537517719,0.009562855369522593,6.91898779700094e-76,0.00024983180228278036,1.348908232172977e-06,6.018537438569136e-06,2.0682283047155438e-10,1.0490522323140651e-10,0.8185607402736481,0.08114805762100623,0.07061151877952983,1.2106466135125107e-06,6.348665006128238e-06,1.0725656097660322e-25,4.738953364273034e-12,3.238057521053935e-06,0.8045353604929422,4.979342240993762e-06,5.7672453844292584e-05,2.4279579002939446e-06,2.1675002568374608e-07,0.9539928009674108,0.733626680453172,0.04981250609618459,1.284320111218004e-25,3.2542193840004546e-13,0.8192098258224766,7.998692771022958e-78,6.196589994543553e-36,0.002360517272307027,0.014321524571960833
Gria1_11_57208491_+,3.2989075973085054e-05,3.3776681997353245e-53,0.6738809968412394,0.0002759721891917369,2.938712704181792e-120,1.4036715566017146e-18,2.063565466419371e-31,2.409018511362597e-16,0.02018890962050808,4.165099815032765e-22,0.023581019071775303,0.27955216017811596,0.9438140021637421,1.8743843181088406e-11,1.9944774416734876e-12,4.167784621623539e-27,1.0240420534831028e-12,0.9058844899250271,0.5737706114532196,0.8961889588584318,6.274268169951436e-06,0.0014036519056225296,0.9725568132681228,0.7942145980443259,0.010104893983495027,0.15592012078249515,2.1516728980266035e-27,2.752022907439948e-11,1.0,9.291093714102081e-125,2.713756629005426e-56,0.020207168546348214,0.018130802684815584
Itpr1_6_108345971_+,1.4905222010130324e-08,4.705215170563693e-23,0.2292203621254649,0.5505873342440227,0.14402024672282135,2.1687109481947655e-05,3.8069482759784546e-06,7.548940010369883e-11,0.29875355835094086,0.00082409453560093,0.017875331971732893,0.517167631490935,0.8799167651865752,2.8767876331922834e-05,5.7924177306923024e-06,3.2721544026034443e-10,1.9599448813416517e-07,0.05349661544734938,1.913444396176859e-08,0.062460803322591726,0.0005687264931870043,0.9373918144028586,0.02735073317220487,1.5697057625374448e-07,3.679396526566628e-27,4.3619038580283826e-20,2.135165588543002e-10,0.014545584523116002,0.7507293750537452,2.1272830297251213e-29,1.8423263159607878e-05,0.1532433317713383,0.0006221645780455183
Gabrg2_11_41803419_-,0.28568572543665904,2.561249401400458e-49,0.7806463080630575,3.1890878143644e-05,0.7502086696381464,1.4663310747144883e-19,0.17211392199529998,2.2687473603883863e-15,0.0001321929516513032,4.023608143802028e-17,0.027056095317791795,0.9078113467515014,0.28676516749335584,6.227724847973501e-11,2.034935969651306e-09,7.171234463997426e-41,2.835948494281453e-19,0.870648416075331,1.0325259672051455e-16,0.8488116351114054,9.674211723284005e-17,0.7503941628244268,0.9549395724050768,5.752222266018503e-14,3.7477516688582434e-49,1.1265464828592194e-31,1.5305597661386808e-40,0.8172115367743068,0.8399377796375596,4.499456461708984e-60,1.3711040290035427e-07,0.02455083606590797,1.2610265123460824e-13
Cacna1a_8_85306098_+,0.3063369608513972,1.0457259207226006e-23,0.996179330104529,0.4457338421539591,7.4799666024398e-07,0.03807419743236233,0.007853898768993846,5.650732478137408e-07,0.21403894959051403,1.3882670046883263e-05,0.7053358495804097,0.040016447237168754,0.28013391249613007,1.7875022830218744e-06,5.776959673248902e-12,9.532886246954946e-17,6.113311182276689e-09,0.26184436539467737,0.00045473693025953056,0.2748480818986817,1.9261869229786615e-09,0.99051076356053,0.22322840939019686,0.0013413731915329255,1.0242403080394493e-17,5.612782769981683e-12,8.467731377066528e-17,0.019437474208501948,1.0,2.3183489485147374e-24,5.479644846034399e-13,0.11333458220885781,2.4836371283051553e-06
Grin1_2_25200488_-,0.00013246004259986644,7.179338155918906e-24,0.056521069527904186,0.0004483141640333487,0.009160548653560002,1.3490602755753927e-21,0.684314371003209,7.517389567383941e-07,0.0029394517116340434,8.574167558349033e-06,0.5160491207109934,0.8929578914219635,0.9677283824483066,3.370816234918183e-05,6.92183865002494e-06,5.182785603005869e-23,8.151815879313032e-12,0.8543929389569179,6.38009692708351e-12,0.8907590289635647,6.499582999889843e-10,0.8844348647779356,0.7512647746898434,2.7830878754875294e-09,1.4618685100323275e-46,1.521665606467376e-34,1.0231188443199369e-22,0.9430948824096815,0.5289556947700328,1.4718317512734383e-50,0.017186871708463173,0.8736106352448554,7.221823994244944e-12
Kcnma1_14_23492148_-,0.35199442791817653,1.9905980154329906e-07,0.44459413003251014,7.891824070551924e-09,0.8044011718389039,1.6779378488156005e-05,4.8526736795017705e-06,0.0010909170173231924,0.10482233232138516,0.016136118445919372,0.5625207482704079,0.9141221088702065,0.6812632730717822,0.027252309232017373,0.036961037161856954,2.3036687425484216e-05,3.670988797071832e-06,0.4291675086136037,0.00025018108718629744,0.4392483941381205,1.5583868392058023e-05,0.9568174087552964,0.010717111147295679,0.002298335065515821,9.358888991620889e-14,2.5291762217050007e-09,1.2117956375863784e-05,0.920509675247139,0.2197015551076827,4.5624299466543054e-21,0.00026053919241172117,0.12692251033014668,0.00012849773047746596
Cacna1a_8_85344420_+,3.2018917612206472e-09,2.693888740740897e-12,0.4144883049751832,0.24022348021392226,0.8715904160412208,0.007612343335761514,0.02970378095921322,4.632967129123468e-05,0.8456103513683384,0.001000306085496982,0.03319015128111474,0.0032849717211742803,0.12045975025580716,0.01531544003603131,0.0035204597000078465,7.620229678129748e-07,0.007300466997556998,0.09528998919360093,0.0007280631648093314,0.10789410358330521,0.07283932293351195,0.6876492780715374,0.04988362952262206,0.004830929848591166,1.6565210588341435e-21,2.6167423941871822e-21,1.5316465395239534e-06,0.9071544861749131,0.42274785711014795,2.524953591709766e-22,0.22450935944114925,0.9332769547286998,0.0003411244179775696
Gria2_3_80596659_-,1.9455232810103866e-14,3.992863239915342e-37,0.8193623312453625,0.0021042809892317916,4.0857512406250124e-76,0.23103394110627926,0.843627389828103,5.163584841841544e-14,0.00023745725037238106,1.6270676630304284e-20,0.9768946609451575,0.7828757422603505,0.9399941752145259,0.027429429090705396,0.029806706921376755,4.353717307020624e-34,1.2224653794044826e-08,0.40897505938566375,0.8551849571885409,0.4456657670456312,6.2928024395172205e-06,0.0005676713735843462,0.6743352104128976,0.7990742435457563,0.28174726054151505,0.3114746046568714,1.4084608387529292e-34,4.502068347843406e-14,0.5092082137945471,2.3719302714278713e-91,2.984074658146113e-42,0.003890014163101744,0.017614971476700388
Cacna1d_14_29850756_-,0.005230803999316704,2.6916069992515882e-14,0.5932612950454524,0.00026748683331557783,0.8121982429840846,0.018559146772079326,0.029953003036149537,8.468580790202285e-07,0.08662680304181916,0.0010323103483710573,0.7967077256118454,0.09669880456755404,0.533255301627552,0.43632255355949007,0.13590072990711125,3.1311381043668724e-09,3.014329276493425e-07,0.5874941060993767,4.37172233451334e-06,0.6182560664707853,0.07366758052174603,0.9828139937676423,0.1430875961631829,2.0275833135359348e-05,3.21709110528292e-19,8.516256035703597e-14,3.7190895460346617e-09,0.4385227094241534,0.9532150216350961,7.940112350006945e-20,2.728322326511789e-05,0.04671694933539986,0.0013101538290608767
Kcnc3_7_44251292_+,0.2076415248751899,5.810352719424742e-10,1.0,0.3180718152220171,0.4053033034302219,2.4729173857590335e-05,0.0002482191005877357,0.00015093351923034466,0.02544912394240404,0.011141359758112847,0.021158338716775332,0.6927840127303309,0.5030008068407597,1.46206803950233e-06,8.310921131625721e-07,1.5993986386893629e-06,1.84479370124845e-05,0.9014066336195063,0.08210344565605854,0.9087707353084422,0.03022834646042815,0.18626792492239672,0.7225525609872903,0.2350009149983275,7.003137510278934e-12,9.229286179160565e-07,2.2704451312410154e-06,0.6652949612882709,0.9969154062962493,2.840373111498268e-12,0.014192996683440142,0.8563457980781134,5.715461834915844e-05
Kcnq2_2_180742412_-,0.00022612454861807295,2.8629930197695534e-17,0.9121865824907629,0.016647091807207446,0.32432944394001995,0.037900469787750475,0.7084592684530316,2.6886175532841887e-07,0.12108740786056088,1.5623060493959423e-05,0.5558352764104684,0.8958178184735067,0.9810475458351559,0.0009069592515764779,0.00033005701852808084,1.0971962344580785e-06,0.00045907687698537776,0.7353452291407341,0.0015688722808410742,0.7526322370217616,0.000258691010086932,0.8119911209414529,0.2846113351621943,0.008443563182619244,5.873049863752963e-17,1.0879384996825026e-12,8.884123055105432e-07,0.06395675322098851,0.7775527820567626,6.811540015022157e-22,0.009616942554457343,0.9170224012235297,0.21862160304542214
Gabrb1_5_71857631_+,0.6535461939440249,1.8039557906756925e-12,0.6874310801626003,0.0008915793342955295,0.46446674844105057,9.717446127139749e-06,0.412190122653941,2.0220840101952236e-06,0.0018148095218347862,0.0005369168039376571,0.8884404202811934,0.7660608283903323,0.19288647763258995,0.20342451593893002,0.6837491798965375,8.967575948143489e-12,2.865947402093812e-15,0.4456657670456312,7.336872940429576e-06,0.4345311235009917,0.008622184516315903,0.909824711299808,0.9335229561381158,1.7630944181599078e-05,1.915811625311821e-09,0.0003618076086576005,7.802862017101303e-12,0.21346107688565524,0.5742832422286842,1.0951295318987284e-19,0.003906566043491151,0.10001750413340352,1.4164384980844646e-05
Kcnt1_2_25778080_+,4.56453010416669e-05,3.9365434724913265e-18,1.0,0.003633150233615902,0.009286793693348635,0.170284221928507,0.9874156487089719,5.248827469779177e-06,0.3397479560497927,2.4919719357097022e-05,0.7006332448924122,0.6000679347013939,0.9128204680433936,0.14340149407143127,0.044251500236857824,5.1421660264595675e-08,0.0015469113428808674,0.130316846089849,0.005957917408775414,0.14071679758111252,0.11101913617849836,0.9322965369914482,0.047196216387959754,0.010612572578231895,1.908450800042101e-19,5.232534375372548e-16,8.943368961174864e-08,0.6663660559865914,0.6518153869813672,1.5003258385224273e-25,0.005418958494048914,0.7228151163487656,0.26331575130243046
Kcnma1_14_23436422_-,0.7738516262002646,3.4986482291000467e-12,0.6771242548842524,0.3852929501052234,1.634176579140875e-05,0.2093646140304675,0.10147146657295789,1.3972265688422137e-06,0.0615787831952412,1.1070588129433221e-07,0.10907868844462786,0.9725206854109113,0.6670012345084742,7.061334471035756e-05,0.0009807980246779896,0.0005427505497764064,0.025208351724706347,0.49077793183877566,0.018976253169621076,0.5047324430687844,0.0033795555454269573,0.940985095244474,0.27985846971130607,0.02856554142739246,4.847641668898013e-09,4.9215849240412024e-05,0.00042237812730607996,0.016395132389581152,0.3300523596978886,3.5332192885082734e-14,0.002247777892948433,0.5145099619790701,0.07034375334487901
Kcnn2_18_45816137_+,0.24447187368490986,3.7251438843337026e-15,0.8260564526650013,0.00023571999656144598,0.7728897765201836,6.628752875240794e-06,0.6662904437792603,1.1317760924735657e-09,6.530948154766294e-07,4.163945062423203e-06,0.4684640013921782,0.9271674744247578,0.2704339226546236,0.5994385247123197,0.8702572476848769,1.4305232899521492e-11,4.230954100643634e-10,0.2205916788694432,1.5572156630994386e-12,0.22558749380885887,0.009924957093074222,0.9859465963835226,0.9124626289260924,1.213508221557861e-10,2.9273242300098828e-05,0.46396579734048415,2.0967006436212687e-12,0.08013916370259551,0.01630666190886475,6.725306599269541e-25,1.0694955139636776e-07,0.0658651367405836,0.0002492025908243688
Kcnc2_10_112294394_+,0.0046201290861971845,2.115040245212754e-17,1.0,0.24113599162295357,1.2620581477149598e-13,0.9532150216350961,0.8154216284735194,0.00016815823473893308,0.053557202257137,3.737140061898953e-07,0.2955655752617917,0.003966267543932814,0.669744045091653,0.12379093605345175,0.026451415213597257,1.032173663499712e-14,0.12175139204801508,0.4956300127141439,0.8898186304009337,0.502177295493898,0.02187885886928216,0.431301403096107,0.6964740032606531,0.8542901618231762,5.548934221188956e-10,7.910541333278976e-12,4.3276916515728444e-14,0.012164795658040626,0.8836318477662408,1.4335862678124319e-21,1.2970606554947129e-07,0.9585465581986443,2.6988474813070927e-06
Grin2b_6_136148881_-,2.9356229650925084e-14,0.30399411702765294,0.6021511378796994,3.5403759881641815e-05,2.780880483103034e-09,1.260647198704431e-25,6.66788793187547e-37,0.151939380401674,0.0006008373547317495,0.016226806614404635,0.2562292310234616,0.9131509254552904,0.10557841285071128,0.5952588890713922,0.32733600116602424,0.000997348556774109,7.68940389307632e-05,0.001918363889623194,0.48058610361222565,0.002384332241251531,9.842631456868333e-07,0.4071805422144804,0.5875970419772477,0.6491891887291993,0.16246020223645743,0.1640622202661697,0.0010799147283150022,0.004524070558302049,0.5890501279776368,8.446473498504844e-58,0.06141750419249727,0.7399218837342998,0.0001566417715679595
Itpr1_6_108415260_+,0.0005910198641235708,2.248065759603481e-09,1.0,0.847650341654341,0.034372731088878464,0.5025711678120133,0.6159457530415385,0.00020670851811530757,0.34815898582465116,6.107069574598986e-05,3.450329003071925e-06,0.4869583667694769,0.01972081827890767,1.6549693312200595e-07,2.7097579512326986e-09,2.500301328997681e-07,0.16341329175225316,0.11726873913610839,0.2531982710717133,0.12818592530636688,0.34510072447243545,0.9796945582992221,0.06976771717675517,0.26397867930679814,4.605606986953555e-09,9.160915364087998e-09,2.3856533449494974e-07,0.6356417484288126,0.8623392457370767,2.8379940040502517e-10,0.0007220599464632969,0.9869990852091726,0.0069545222759425426
Gria1_11_57201433_+,0.4028926203419067,5.233704319986739e-10,0.826185299198782,0.6810172765971396,1.75856674779581e-11,0.020687565872169727,0.8941127204162139,1.670566600186527e-05,0.19015585909802682,9.016505280653309e-05,0.002318631914850821,0.27672922241796316,0.04340058708819647,0.012606272331147824,0.00021036408159533327,0.00028850916826024975,0.21833624098843252,0.5569969906645761,0.9137238843842451,0.5624787023245109,0.864235964946263,0.37102842573679057,0.8839450048749032,0.9887500271176901,0.007089459146568638,0.015146587742026686,0.0004344613479783646,0.3246126843436847,0.8537337621231428,1.7104424328068677e-14,0.0495594441540741,0.9925864386160514,0.34303606017895494
Itpr1_6_108408421_+,0.0012081997042104442,2.809719771343871e-10,1.0,0.9612508654129519,0.00962254817269097,0.17062627022992868,0.1975768098849385,0.016955548435135706,0.4384500900764968,0.004157598010291288,0.03711506539276072,0.15977152413540172,0.9482502818610501,9.191110082858198e-06,1.0309728714082902e-07,4.853444130918267e-09,0.0005031479750695626,0.2227574727788722,0.11729205174259436,0.2251030533985356,0.06814415948757546,0.6935576391109368,0.1411369822279557,0.15756101819706314,1.2471124767728554e-13,5.4048616854128715e-11,4.927587387579196e-09,0.40233134687700367,0.22613993903887708,1.870319642381451e-11,8.08220189311593e-05,0.41336549901708125,0.23494840176220805
Gabra4_5_71799670_-,0.043525787098298206,7.597240659752421e-13,0.749177367371018,0.6000679347013939,7.896845322882152e-05,0.05981943463665917,0.8016396815835299,0.01200832787950674,0.4929799546177472,0.12767377924986326,0.5927268351898253,0.05491837247832223,0.9916308746715907,0.0720367829830969,0.0064973105066102235,6.043696576486182e-07,0.00010329356984309226,0.7908822584343417,0.013566183587345359,0.8042447341412194,0.5556350042434927,0.8250449186457036,0.7509913815868235,0.018806880101574098,4.714470676964193e-10,4.306238142522207e-09,8.404758182391897e-07,0.19754839761142176,0.7769848047740944,6.570862740311393e-15,0.0001382914501624545,0.8782432611733512,0.03320996817920876
Gabrg2_11_41811378_-,0.39258772802538816,0.00025563573308490006,0.788142997876269,0.3754299124314529,0.9342396725721334,0.008937981732042069,0.9898282041752977,0.0008381987151903087,0.12058403045781742,0.033127816871700244,0.8964766703334424,0.8944246892988037,0.9555591375653191,0.019933523690400214,0.009795076652927519,0.0007619714021699403,1.4630466004885386e-05,0.8978216674101571,8.864744156565807e-05,0.8877390705672172,0.13819782468535247,0.9983610047036142,0.9295626297100618,0.00023164445787376533,1.2224653794044826e-08,1.6876121003156341e-06,0.0006248747517009473,0.222778022768353,1.0,2.0340677258029752e-06,0.026025662131185026,0.0831638397399202,0.24622458838889227
Grik1_16_87693240_-,0.2251030533985356,2.5794593589095313e-09,0.643391693636476,0.7715002119088582,3.9911552282126005e-08,0.01128491445501328,1.625838912464325e-07,0.007434008957316504,0.8685609298819025,0.0007722095943103759,0.31280977600693516,0.22999958799092224,0.8215927678907041,0.03728918480574008,0.0006659016032729037,2.5243850061285606e-05,0.007203087413007009,0.8592636111109728,0.4888236151531811,0.8624407382084958,0.5635198080991973,0.9274832794625226,0.9977466329456404,0.5783894513078385,1.1922039813077486e-06,1.9035372108953627e-06,2.0285234937230016e-05,0.9071672377472857,0.8924114988669225,5.316363924853992e-18,1.0645291322784364e-06,0.7009906473653872,0.5144368319740426
Ryr2_13_11905735_-,0.8748917530589706,7.650734666558215e-06,0.5254390497466296,0.0008871751010104337,0.932252805809984,0.011284340704311255,0.5937166586531595,0.0037968126923288935,0.2772339173741226,0.052819591921364005,0.7454530967037016,0.8526101745081289,0.9952472699497182,0.1837571556448559,0.3496960077704629,0.0010702385957344854,0.0005954990711019812,0.6992172235469046,0.005118449995028926,0.6852378187307113,0.04522672619810682,0.9429464347527294,0.9250436569711892,0.009550809144872505,3.5631883693063676e-07,0.0012402822836753017,0.0011114779620724196,0.9191882828477727,0.898654728849631,2.5622028745806108e-11,0.1597249722904075,0.84280348033339,0.02522875631115849
Gria2_3_80598742_-,0.022951648609384916,2.9804660517893744e-08,0.878354959696201,0.9258290292222204,0.010052260197509684,0.9641173513562803,0.7560388773382544,0.0008361906799459907,0.5355633341780912,0.0969017571372681,0.06665384892156558,0.01497350537468119,0.6584260137601348,0.014635357661274953,0.000327108875614267,0.0248582099355782,0.21255294669410252,0.9605371371310836,0.014532865228593725,0.9468381554992078,0.29051512587592293,0.6917894260315444,0.681521292387929,0.010570999284261322,3.2969493656879723e-07,2.5452844870001166e-07,0.027997667546772166,0.5774964805813267,0.622610643803467,3.556000473395596e-10,0.07890615270236488,0.4393832138102884,0.4051797457017133
Gria4_9_4420317_-,0.5569394546713913,3.3581646564412513e-07,0.3381574944399653,0.35811495866397497,0.0035971860512745485,0.848031683077506,0.010209948016281417,0.009749889582410803,1.0,0.004878661340078503,0.8905345610981442,0.6383048349989865,0.9713251984609729,0.1985188607364733,0.11981946719615061,1.331009550434411e-07,2.4636645875058954e-05,0.18304796829018785,0.4875953760126592,0.19318606547769643,0.762610670962727,0.8926165964220559,0.4986084881763548,0.4634080617892513,9.78157706406935e-06,5.861156534818021e-07,1.2259335988837742e-07,0.816368105523287,0.9858879852560833,1.2656003198228567e-08,0.028791555852128958,0.6500812743335111,0.000736851903416766
Kcnma1_14_23381039_-,0.9481767520571207,2.2336756204207164e-05,0.49107545950903225,0.6839608658873516,0.004701122662091404,0.10528838144313689,0.7557332861089838,0.2569332767521926,0.2825318908576175,0.22320178106048033,0.2809753161730817,0.6311139009780093,0.9457756545382152,0.0006967614949766059,0.001647602289798066,2.8587235200980987e-06,7.67964732240503e-08,0.9700861884204194,0.4140548586507253,0.9651489759975758,0.29834835222659456,0.8297949441453325,0.9440817857557797,0.36750259735593466,2.8712446876074013e-05,8.753603039385831e-05,2.914582033842816e-06,0.007034002261440582,0.9260264926300071,5.010006318507684e-07,5.550114420719493e-07,0.42011550637298434,0.008117314447643156
Trpm3_19_22674785_+,0.25550376511590994,0.30874696898934856,1.0,0.05922790134747533,0.9911625133529853,0.5769863109525454,1.0586550723542667e-10,0.12689363103536563,0.6421571514660238,0.25738115273877404,0.2178316899221304,0.9060635249643948,0.9395347726675648,0.009504392863648682,0.0010677180982152689,0.0001367272051447892,0.006837908786845445,0.00843517187228541,0.07121059432125276,0.008163522961358218,0.07964978642912804,0.1213449362182307,0.0883443751826123,0.16532603214798317,0.16904871798228654,0.15267723425062724,5.607672372355067e-05,0.012125087107789435,0.9079557172649514,0.0016099308790382758,3.119369014094655e-07,0.0038083397053106285,0.2464681818596546
Gria2_3_80596022_-,0.007189104834371389,8.252200676583025e-08,0.2803650298243062,7.558487623756665e-07,4.259136338908103e-05,0.16019675187186588,0.1892774652583028,0.00010705101196690376,0.49202819177956975,0.0059041413265647855,0.015980032762338264,0.00039348523087650406,0.5749489658715493,0.8596633552381974,0.605435396458892,0.029193079218178552,0.9960336882278839,0.30789832886731977,0.6751621490006583,0.3161584124627362,0.6529120973097121,0.9535523995010324,0.4743366430707008,0.7928507001997057,0.07086074294961067,0.0003248713574748163,0.03046101075257311,0.66148829567199,0.973635529481478,5.919321196436327e-23,0.7152010492411935,0.9689513196863418,0.8628990216479805
Scn1a_2_66153789_-,0.08340083341391162,0.0002736095215334856,0.6245258147782378,0.013930047044946317,0.8468446999917696,0.17405038793284888,0.0015180934241679949,0.021382279187486444,0.6469240537485775,0.25188028255983397,0.2207395597907068,0.525458151202599,0.3058643145449367,0.14125575101590268,0.11005783245862659,0.003131083709752682,0.0003913417036750822,0.7069753917954011,0.237029945706196,0.726068159749721,0.44991458619432245,0.9949796238569646,0.7112626999945066,0.3240086023833208,1.1759264350607393e-07,2.345582280844323e-08,0.002832444700638311,0.9930551373238752,0.3367026906671472,4.536308093277406e-08,0.010947812523969709,0.9148505051148985,0.0009800442389166102
Gria3_X_40758377_+,0.29046768665883227,3.931394615087375e-08,0.9616373859858549,0.8516648302076186,1.2224653794044826e-08,0.3318023043871671,0.08926454063783382,0.0020314151336596567,0.07303218239342973,0.0023122396802993913,0.8639350710592543,0.3765224965053691,0.6476007098106484,0.25968449785816605,0.02182315534524645,0.001571306448197576,0.01468395918551527,0.33394565898642153,0.5713396872877194,0.33746082639606734,0.5363524219192376,0.8591631257894439,0.5205824564702338,0.5348465457255949,0.15941259844127081,0.8565797184211567,0.0017468790026759777,0.01920636214425097,0.8195781039880949,9.318848876791378e-13,9.236934486646872e-06,0.328399989777385,0.625011963623035
Cacna1a_8_85363140_+,0.014384461931494839,0.002327205285462844,0.8057508590677618,0.6437251721003678,0.5244600708716244,0.9469926029786029,0.5863475865286014,0.05167315030868026,0.9513194494222881,0.07518565126336424,0.013627233613474387,0.1597591380357009,0.14821403503291616,0.027245115761020035,0.0015699034937320534,0.018069597687261567,0.5144846951553644,0.46685917270395183,0.9885930782037949,0.48278765536300655,0.17485686102856005,0.9661987110058335,0.26191010582426927,0.9530933747386127,0.00021504120901276404,4.9539100010690335e-06,0.019257331588952868,0.9566310787989286,0.4902066445231358,3.0644889801804835e-05,0.018183031045093202,0.9011274009543989,0.10293152280394445
Grin2b_6_136149936_-,0.6236734410259741,7.06657073969366e-07,0.8397963123112301,0.38800706465006435,0.7215341572965085,1.2306568334545502e-06,0.5424440887146423,0.018918587102009013,0.3855796451619599,0.016157632489594013,0.5398487129635063,0.772309454538218,0.7953776181111011,0.16233753076612023,0.185440173685922,1.1251786477221475e-06,2.9705489168603004e-08,0.7732794244258933,0.10498441198208919,0.7675113055559533,0.34705859281148,0.12364095910324474,0.9960297878222787,0.1440086469555248,0.00011534264009420261,0.4188454186954116,1.1637892226242746e-06,0.704542086048839,0.10032850913329164,9.562764032464216e-14,0.005697916737342046,0.7425602781049259,0.0001352320288105539
Scn1a_2_66119500_-,0.0004173658257418258,0.00020442318152686742,1.0,0.2268565636490667,0.18030192108600368,0.00035634178704144415,0.1034856178735127,0.006239186713773242,0.34829150422461896,0.0850305178428782,0.8869771195045998,0.9866281280368705,0.2903706917989602,0.5429178301472614,0.6317510597674979,0.010440997993165202,0.12477128612088713,0.05786014324563251,0.10067122415161034,0.06283259957791267,0.20619691072615629,0.9928094907513598,0.0451477845176542,0.1471360975911843,1.4379141530340614e-09,9.223543230859955e-07,0.007489413312172271,0.5913311469819664,0.040004511700575784,2.632551141984815e-12,0.9607130911007261,0.8652814993119687,0.08166704284683493
Asic1_15_99569664_+,0.5367422545658583,0.013527575859237454,0.9023728725763971,0.7642389894124617,4.454205558718008e-05,1.807040051288755e-06,0.0012517872087825386,0.08747178311969202,0.4493664329513208,0.6131699837670201,0.867149265433346,0.3831213418239164,0.00031211628367873445,0.6799168430773541,0.9740598740144688,0.05159019262921846,0.006223939918335049,0.18177177632409292,0.11921498603921679,0.17932266135531746,0.1605823245515546,0.5746647499450468,0.5853749844814207,0.3238811457573462,0.011390210998591693,0.5743363654563854,0.04735587485379396,0.9065267045129284,0.9977302871192891,4.098991940728202e-10,0.9712851877608475,0.8735239692810961,0.010526579437482166
Gria4_9_4424455_-,0.14113829280722373,0.00011844588486331833,0.9493337974397618,0.13513104109568053,9.29012641407358e-09,0.9509958256988019,0.04737083884249558,0.028417176607326462,0.6556456146883475,0.08223829456547102,0.5852667391454885,0.5268926345723853,0.963336141268766,0.43716816409005715,0.2803493742021887,0.005612456452058182,0.20976433274550826,0.918802058770288,0.7329609108506766,0.9118306069107744,0.03358730434208271,0.9523755751721484,0.5729511292112237,0.7228151163487656,0.8083706723931214,0.9564910669529102,0.005558345491539008,9.470869190287492e-05,0.9612751459120794,1.6266784866762499e-10,0.0008901921943583497,0.41233686564685923,0.37660877204721704
Cacna1a_8_85189314_+,0.051304178327803845,0.001412863908596179,0.804506756760494,0.8595371067736136,0.0163080368663295,0.7108984349977798,0.08333256396137036,0.04458915015936,0.8138806286457407,0.21419058791476073,6.872299724777348e-05,0.8374043944603945,0.6150215592147309,5.523979721397042e-07,1.1170876570230572e-06,0.23708024812325043,0.4821083660391415,0.8540882273052411,0.6629294991152631,0.8662145340398779,0.1232146103636416,0.8511387508590827,0.8702923471251212,0.7199206731349502,0.0003309089467290183,0.00019307696511670485,0.2509259834731997,0.5755519229852172,0.41541263472417456,9.017570226073339e-06,0.017226260346710313,0.4421649773291746,0.6428974446529839
Kcnd3_3_105575395_+,0.00039266091774121844,0.7947525892595009,0.9361157353153753,2.3407122994797503e-06,5.262964890440073e-17,0.08749370101891771,0.01380206621455856,0.5315741496881947,0.6431126590219222,0.07817521402672425,0.7826893326502541,0.6915842417528418,0.8296603493064842,0.9670985194421048,0.9885209374307464,0.49311167473284223,0.9283498601234648,0.2890962953211358,0.014819274610491642,0.3137112522097921,0.9893091965012807,0.5783389531443965,0.08700265796582234,0.060650824287053456,1.006336968743585e-07,3.9248225215568675e-05,0.4096165738167802,0.08524553355357789,0.7154955879647301,2.559521503546313e-19,0.031196774999237144,0.7993722892997108,0.8036742593992745
Kcns3_12_11169950_-,0.005276327730672612,0.00028310555326694763,1.0,0.015887871881127058,0.37905666208395805,0.03470587306904404,0.6281129741385899,0.08988364062368814,0.18697692832021806,0.10478256994944984,0.945989143201025,0.6338231750915286,0.6039731289817374,0.7531614243523733,0.7915734365420322,0.013335530753528549,0.5992018518912013,0.8582043803184713,0.7576460451177455,0.8638071648257992,0.5562867478197898,0.40241463573847785,0.8003913371343631,0.7670735599735674,6.92183865002494e-06,0.0019711571849021065,0.015232424726501693,0.7601698281066956,0.9243300189843232,4.491914168458439e-14,0.05283661002325198,1.0,0.466708906745945
Cacna1d_14_29864675_-,0.0002588770923592475,9.320434989373613e-10,0.35624543043025014,0.44942596029593895,0.4986525323437567,0.15584060624071958,0.9839208233091796,0.006501373466233534,0.7533992788853697,0.022590536550229287,0.15340959756391787,0.18898280779436327,0.8114602024800146,0.11395589168633471,0.08216092555513395,0.00017876310062756183,0.712101442328281,0.49114923327789595,0.50606039470894,0.519813411281109,0.29597571095781605,0.44969855054543023,0.41408633111975685,0.7581866701865767,3.4764754633055035e-09,4.812979904938782e-06,0.00014571087307482908,0.676377340662611,0.9518268947684121,8.849237914120218e-14,0.9951535510734844,0.9848784112336731,0.6380372432037871
Kcnc2_10_112107591_+,0.7742214730316234,0.014894960634927287,1.0,0.013990177503708224,2.0088416812648037e-05,0.005922439681742584,7.16865803300565e-08,0.396761276245872,0.8970616211157302,0.5280029911229661,0.9686424285608638,0.8722248850250791,0.9960297878222787,0.8739504529912523,0.8030841595538618,0.2845298529985568,0.4441605029743482,0.9638155894998015,0.024820482194616862,0.9626712725017019,0.4190534015093823,0.5473086671452125,0.9357755501578862,0.03690239469156991,0.23390633444451592,0.4045177764173814,0.3084111892890589,0.1427839836477541,0.08114109671859616,1.1978077058111285e-13,0.4246485183911748,0.007928929268852638,0.3068553252212902
Gria4_9_4519540_-,0.8088286252184534,0.009800739623320608,0.8273828178997966,0.3375053451952321,0.7527436736893629,0.14613865253296018,0.026491083753777265,0.1999613988003462,1.0,0.5132089610207609,0.6081726731031578,0.26032663316577864,0.9231289412869363,0.6769286499293863,0.6241870513003847,0.031620829122041505,0.023721276274592744,0.9294909976935317,0.14867943216526502,0.9359179605868975,0.7100577825274653,0.9110908084238117,0.807674165857404,0.1981121020348123,0.012309906210432682,0.06465743089601053,0.03287003288629091,0.5129800383631671,0.0144153706695306,0.0005619713381315177,0.6847951141620944,0.8479039412241371,0.16886096822894428
Grik1_16_87747030_-,0.8671601957175632,0.0008774195265309631,1.0,0.33479429178207987,0.00039554423935887143,0.1355266335163183,0.7346454413311863,0.9943095445464393,0.5722908734366573,0.2842699259806056,0.8821680151526888,0.5796722368862831,0.9625282179542751,0.005170808293610116,0.020008265171364403,0.009829277298007331,0.34411312744981715,0.9086765140084879,0.49381371577620514,0.9077511944534067,0.6203124934630906,1.0,0.8861420730353805,0.4369993628275134,0.3975143043821446,0.3896499346116612,0.01094748952112396,0.9467276371829209,0.4590494976898424,7.757156433897503e-07,3.449652294774163e-05,0.24463342633757984,0.6516114654033259
Grin2a_16_9810416_-,0.018105430505567153,0.42990763188304815,0.847706002969054,0.4840647579199036,0.7997857039806934,0.019121602736871843,0.0035242257755983206,0.5742727690290631,0.7606872590497469,0.609956224533991,0.043404602914081526,0.5485383224837181,0.18588806029770133,0.25078801163179376,0.270533737756112,0.44459038748578683,0.8954070992379379,0.00543233822834608,0.128613309830494,0.005620835868930124,0.8025950903637636,0.17810042303275533,0.06784116553132609,0.10668055150806176,0.2392095260023782,0.23911393083565086,0.479988873223362,0.8352894117067958,0.4173356387673921,2.8024630074710364e-05,0.9683564225078393,0.8000141673639691,0.9271163122752465
Cacna1e_1_154348460_-,0.0015830760052781194,0.33036422657399417,1.0,0.6050586226708509,0.2380965638497046,0.9684590801097749,0.883626432970938,0.19447718421566132,0.49561248462231833,0.7260735016111407,0.0011630067476552325,0.09383756355830775,0.8629426462120893,0.7949170676268611,0.12230333322780126,0.6863649273544887,0.43559249369473574,0.028665784494624702,0.9488488655704866,0.03153688056376883,0.8201347781640341,0.8000503625374087,0.19462247667439217,0.8984485140202834,0.0014161185533996168,0.0005213895428805992,0.7514542123142652,0.7772182924513072,0.47328595764796566,0.00018038571303694392,0.8194995141221898,0.32464664295675716,0.9935042240427141
Grin1_2_25185950_-,0.6515969217402746,0.09211908866098838,0.7968365929522517,0.9888741475166615,0.8572316888055629,0.011877624647577837,0.6598484384525649,0.4345516123103948,0.22063627837193328,0.023121378706268875,0.4947163347895431,0.7947525892595009,0.97481873496033,0.2712744880655751,0.225380717306186,0.01774333964069961,0.10590416516233102,0.9190260807208023,0.822274133926779,0.9119922297958922,0.6045103796802274,0.388803159143797,0.9229732840032123,0.9113692252984944,0.004319120813184564,0.024553825513555366,0.021240503255505132,0.7920674942232434,0.7266445815617836,0.0006756518395792493,0.5813212868402913,0.9783112255176861,0.08145614517075926
Gabra2_5_71251962_-,0.030583605843004593,0.04883372227502083,0.6956481567079871,0.7173980747546165,0.5821777655446811,0.4089117168989283,3.1986623313681574e-07,0.3259349426166564,0.6626546808509831,0.6644537670415812,0.6350891849901668,0.9616068411954575,0.9595297679179714,0.43114458632127384,0.3754299124314529,0.0012991201980283628,0.26330388756976275,0.685775097421288,0.954836568461854,0.6896749931390832,0.2210771695133953,0.6522264871042315,0.8545089092191568,0.9398131842861345,0.5167538742541983,0.6323529656029613,0.0016795395149356391,0.8706516898831314,0.915474824727674,2.9042413401983985e-06,7.758883131222833e-05,0.16428666695015043,0.6428306429496442
Htr3a_9_48817693_-,0.4928353349657355,1.0,0.5071775031293178,1.0941298786705636e-07,0.8321253824571361,4.423221198730055e-05,0.0012200364799653948,0.37525009256740455,0.3674306027805554,0.6968432871067146,0.11426350293549975,0.7410922616298402,0.671016376011795,0.22103658192409448,0.430682671959488,0.7046844189948549,0.012090747086547074,0.9143716720743836,0.2885917899008608,0.9096390450722373,0.9766680179028493,0.8273080104535409,0.9740598740144688,0.29441702990603386,0.9746948761318414,0.962265497569776,0.6080471560194767,0.21039347794089883,0.5898265504317766,4.692822133611419e-08,0.0013744569095360403,0.8069052267603672,0.37102842573679057
Gabra1_11_42070476_-,0.07921171627370893,0.012859155879408623,0.9444409973879502,0.7655732178197578,0.35190670013923375,0.8694100657952585,0.17175803694864006,0.437638741004188,0.8184838772610592,0.7779725648908042,0.360974136866911,0.08693788078017163,0.9763126651110999,0.790767768027548,0.45971281533088937,0.036962620771129544,0.22278768798053766,0.7013250129092827,0.9663846981336811,0.7113950371297334,0.6693300941290528,0.7906987971079823,1.0,0.978650583738524,0.029354263530950324,0.037086230054372754,0.03611499080764134,0.7633591506437427,0.8870307436305604,8.43583068803347e-05,0.27733599649265933,0.9910907722226018,0.38495558659208845
Gabrb3_7_57241228_+,0.8180442161553855,0.014410795475934835,0.0368280138131112,0.9982120098793187,0.9623815809994335,0.4461904687735319,0.2840950687165552,0.4730538411095922,0.652265334640677,0.5102026149923444,0.8875071234323147,0.8923418410220343,0.8490885596085544,0.24499963594067023,0.3317209525468687,0.00902508787111579,0.25725829909116305,0.9124350055858225,0.341289107495324,0.9043515768442962,0.8045353604929422,0.9133207372079203,0.9173393076622347,0.488172631742199,0.041288835382594806,0.3333189754072316,0.010988963356680396,0.32861053560570336,0.5144487864827751,0.00012483368181394913,0.6099287807030317,0.7033810543384643,0.365419806781545
Grin1_2_25182497_-,0.44474364733568483,3.34786865368239e-05,0.6064711284439468,0.3310326510203203,0.21450654919681222,0.7326773752480253,0.74786693951413,0.029030556051362625,0.7206919730878316,0.08165893230031279,0.36940303412875813,0.9919756447988043,0.4018913635275622,0.14631470024672935,0.365617382366296,0.03709515872097998,0.5502739662057367,0.4904604731739849,0.9937824615806431,0.4950268524223415,0.7376645543469293,0.8002103910657338,0.8629219576411187,0.985018689859245,0.16034976388923905,0.1640642968493377,0.03661173118360695,0.6608076828340864,0.9578294341446486,5.774593530536352e-07,0.31074574942104877,0.9102465056787223,0.8629219576411187
Kcnc3_7_44244584_+,0.6520586519201805,0.0021094906929038514,0.9372529780450674,0.5930270124330858,0.14137442439102862,0.8774376720342827,0.9220414620994213,0.18263266559240343,0.9223580342937786,0.1989163840118915,0.6956937611988012,0.6372981573319334,0.4427529574410742,0.4186122379935905,0.6309656052211277,0.031658137049021456,0.11922723733449378,0.9307115867263798,0.8829337134179674,0.9347006560199717,0.5172729117753895,0.14495954728134888,0.6621466674940396,0.9305658259948252,0.006320693078369735,0.06847505517473036,0.03270059038724414,0.57527948236529,0.9406397238941552,0.0001360318847947443,0.25117543907925016,0.8258215956231971,0.37820426238041177
Kcnt2_1_140511756_+,0.35145430559628504,0.06514381207339254,0.6494512570808307,0.0003385130629593966,0.9152150261496192,0.5755132426616555,0.9446828392788285,0.2925839145642527,0.8061117601914574,0.5803062857593507,0.4858168634490337,0.7319928355098562,0.9273161267224173,0.9592423031068591,0.7742719499594835,0.26138936572259375,0.3825158500157792,0.49604493134752686,0.6743323464576086,0.5104404272063082,0.05402766932176438,0.5599762080092645,0.8019561994285581,0.41576408455050845,0.0009167116061029768,0.003445063649563548,0.2715099306489282,0.00253379400571927,0.5310096254599914,7.320923353480065e-07,0.46508240000124057,0.7508027503793163,0.8820992657954092
Itpr2_6_146320015_-,0.5986145216072782,0.02739738049162216,1.0,0.7143509973944637,0.0030048231246796626,0.5460784600066373,0.8889250211623319,0.2074564386098092,0.970067600601043,0.6734835975792733,0.9748273902104816,0.7123128675336877,0.9644178961019562,0.9079054448440069,0.8097400860449909,0.26119853502952123,0.022793195227028894,0.9491508936971181,0.9787230549020506,0.9487162500721364,0.7446647213345648,0.8639783470607556,0.769276180420876,0.954800492491028,0.3451234880742642,0.11941275787893818,0.2183007233516336,0.576198842439233,0.9542918223428473,0.00014941847130397446,0.00177743495457846,0.8607899793219057,0.3755821582227347
Kcnt1_2_25799216_+,0.9329410576832549,0.21483167518106305,0.893980427686627,0.211924636465049,0.707707475913628,0.2012613313964149,0.8976103946152145,0.9657070987801843,0.7460602408932485,0.9786641598805095,0.6822129455210126,0.6722353639389584,0.8290005309954775,0.8716902917129119,0.9583965377840892,0.01790326229265236,0.017442665349666556,0.9720358315168814,0.6449174401789247,0.9675864927386257,0.7865605290049315,0.8210099922116159,0.8111592021216344,0.6818191466731582,0.157762793226177,0.4392483941381205,0.013064826373157578,0.67632932561195,0.7386046433186083,0.004135730772718724,0.04131719887160951,0.8011804430171477,0.4458824029983409
Kcna6_6_126685671_-,0.9450283441172156,0.012894092585324287,0.26040138472044017,0.8151174889641871,0.0004912899327609858,0.19620385753859929,1.6093752398507694e-12,0.20170163898431023,0.9140799059032962,0.43872513584752537,0.9137057673338901,0.7258159773204825,0.5898399770301236,0.9841529412233474,0.8958859359526103,0.1241895088247523,0.07361558759331312,0.9402349212260349,0.4493178578015177,0.9401085182282239,0.6881786857775524,0.8218164640710091,0.9334912423035324,0.61521609839022,0.39828800037895407,0.3102345874107876,0.10463922077502658,0.8640960303959572,0.987832929795965,3.9090524616305025e-09,0.13267637315260378,0.3924534723462898,0.047972282871468694
Gabra2_5_71170127_-,0.5659213157792362,0.9185029112546802,0.42784411250071924,0.3123961480366461,0.0015396371529070132,0.007562083221051966,0.062420497709243725,0.9331077104689254,0.909935553371494,0.9477317050270772,0.20177292377355405,0.8955294771150636,0.6033874182651426,0.3263394952063657,0.34595987834844194,0.7773250506626083,0.9392492856942646,0.3116261517240018,0.23060730082681383,0.3088612835156142,0.9775195799858982,0.7763728637657851,0.9082423971871408,0.48532634663584334,0.8350183010548682,0.8017420737755789,0.762535970491403,0.6996347687019715,0.986382046294431,9.740948837977269e-06,0.02068854313912313,0.6691097364724046,0.9781518225390534
Grik2_10_48977369_-,0.18747759121349614,0.42755434498385964,0.9235192204640916,0.0005649139648223811,0.3718743907869157,0.0825896534179922,0.3772665215913702,0.47683234464101054,0.6327005029182863,0.8612286358487885,0.8706941849857186,0.5687878927154801,0.9897783085472006,0.4314614809266527,0.6887409293211112,0.8640905850355177,0.994975369018597,0.49402253741425,0.21324534338594495,0.5054840388962767,0.9176955922058172,0.6887409293211112,0.24009471763430937,0.21832249566503487,0.016473091053463285,0.01821871074222693,0.850343223134624,0.6806471846746692,0.1384038514172603,3.551528224117396e-08,0.6630477048377457,0.9897178940934822,0.9561414424646623
Gria4_9_4513382_-,0.7759176953651786,0.012235697521793324,0.867443867034949,0.8084627509170337,0.03639880620780548,0.9492474074595006,0.002465523684203414,0.1949078046160271,0.7186412127892321,0.6825510071884783,0.45020094180342973,0.891272665955134,0.4985530779503923,0.693099122727193,0.5765946769876004,0.4755698598247034,0.9329230947408034,0.9040951823295681,0.9105669314922216,0.9080078384932213,0.8878049148702616,0.14017886339283794,0.9288597133974266,0.8501427645469378,0.16097455537431402,0.6759980733838961,0.44639837706001984,0.2029043223704091,0.882591214457748,0.002765379998671857,0.909448861817375,0.51882316290917,0.8045728104816977
Kcnt2_1_140352930_+,0.8467513548467895,0.719233878860352,0.5235903695388752,0.561646706141595,0.004200879704942911,0.03774118051185114,0.5041131869285748,0.9003497219000889,0.8318585013944636,0.4717291679211149,0.4144410531577396,0.6844973483606414,0.04655146866964452,0.3685779036506983,0.3720120156640862,0.5054372483231965,0.9234252125519588,0.6042724511212544,0.9086511293768603,0.5993270971692861,0.9684309571697672,0.3338785042015545,0.868614485139331,0.891018238191415,0.9419277592899932,0.7828757422603505,0.49266330770223493,0.9460174864660833,0.4103074824650538,0.00018546920130937464,0.21541523135263882,0.9580005538623727,0.7046651026241811
Trpc6_9_8679468_+,0.9309777469799099,0.7779713676023002,0.6944753216693773,0.6749384405358434,0.006080205648677639,0.015096945793102655,0.9645686131988268,0.8227809701138967,0.5540471251001754,0.6373093038881391,0.36825789192246344,0.006587971552534776,0.22384889050049983,0.6935700273653975,0.8707327059743288,0.7645406215566413,0.8601678376867005,0.7817045675005668,0.09120087946728862,0.7857493301818763,0.645957519790641,0.9509065751234986,0.7575282838691836,0.10423161096360721,0.20407647034216228,0.9522726398185963,0.7266588452148386,0.2637512827309248,0.9666048688927491,0.0024043062186174164,0.5371045825743995,0.9626051256472369,0.701602503951203
Gabra5_7_57158306_-,0.0003383766558871922,0.5079894616911832,1.0,0.6093544820122123,0.38146843077134895,0.03586885421307804,0.727860216649856,0.9248579054188513,0.07305928390359157,0.7213847298546362,0.8202778665457319,0.31350498042199915,0.5164723510202485,0.9557918840388292,0.7433007740557087,0.26166813816071527,0.2569259091743632,0.63879326164808,0.8301424272416544,0.6495984018191282,0.34873019595706367,0.4873630432539736,0.7119783780648155,0.8172742985884961,0.39276799353399183,0.17651241910151677,0.2913072116672829,0.09521210674545402,0.49821367728794336,8.037320484729947e-05,0.03938445116347625,0.8003499982249688,0.3159701484383086
Grik2_10_49659642_-,0.6208901709399234,0.010879029398548708,0.8840585214574379,0.8292954471878246,0.51070803012014,0.9313457423242234,7.547526061817572e-08,0.3703462417960927,0.41781235589252447,0.6215201006667159,0.4065415214487671,0.5551792374236176,0.84130043421166,0.4848636886924759,0.48557118659247706,0.364633625712374,0.6340622648519937,0.9012263749260543,0.9021100747957431,0.8995965872409823,0.31409595963424336,1.0,0.899106842497886,0.9346030994534978,0.8145532335520571,0.8987019318664725,0.32300989984531003,0.19888409339467056,0.810046928847175,0.0011973418197264011,0.4842568151067491,0.71853558739993,0.4767390499773545
Grik1_16_87733004_-,0.82713756942928,0.06262284285279233,0.9724563147427392,0.5331401608944891,0.8701598754415489,0.37834238259773273,0.4246325079452363,0.5443596809018251,0.8913589417862199,0.5137060129149812,0.5268408155146276,0.38293021943067784,0.9585780417492135,0.5392132072272813,0.15956506926754563,0.021427008285385386,0.44899309899466416,0.8259551486262803,0.5133695240172484,0.8327694335626444,0.3315716277814391,0.8632610159738735,0.8566330689528571,0.5073446531249547,0.05446091862638124,0.05501534754393952,0.01777608925988175,0.35554266817158525,0.958828997597339,0.0019204057925815642,0.5737574661507304,0.9935954685120587,0.4682532481584862
Cacna1g_11_94302443_-,0.023794974646307115,0.8566510674092721,1.0,0.9664733818955648,0.01396431103957878,0.881779719891899,0.7103034792943939,0.8289191950069092,0.13240822915802167,0.8877932049689389,0.22509119106288328,0.7225242755686345,0.9243274484569599,0.904055053928876,0.8516758934210306,0.6578173609888307,0.8772287734404121,0.28067791027967165,0.943231918138761,0.2909849360227978,0.8682352988371274,0.6630787426469698,0.43196004314328856,0.9195545813750967,0.22779716824843016,0.18632831578163944,0.6527841544545065,0.9561040840741739,0.9518883026606126,0.003294593763508048,0.2807859110139685,0.6221411572364159,0.8878580545398688
Gabrb3_7_57438613_+,0.02444995016582216,0.7669916735779458,0.7078045862261251,0.915911783283462,0.6596741391190092,0.9283428057910754,0.7841534201283992,0.9609699594597487,0.5745357203530848,0.9089244457316258,0.8379472782907982,0.34043776055887015,0.893149748609773,0.9451746228523429,0.9984638357566253,0.6621311361844734,0.8721682015154272,0.6737861109954776,0.8213552718159626,0.687363410156204,0.5045503340490526,0.7798373545782512,0.8650305362397479,0.7964482660915692,0.1180584062550264,0.04319828327461332,0.7143056793193352,0.7082899621164506,0.9735920448229652,0.011611211816437778,0.7002604207421395,0.8268641618462363,0.8735239692810961
Trpm7_2_126641284_-,0.07949943529186289,0.36774807137687887,0.7239801209468582,0.7796635487419253,0.20860401398324918,0.06406697412857484,0.801868043125932,0.45346231296366774,0.6702186100414785,0.5963191017655385,0.20426086861747783,0.8368163558794108,0.736574709495513,0.8667009656142445,0.7508197238012181,0.7999316396298696,0.8428234277692855,0.3980305495362494,0.10486504679663075,0.4126969273494034,0.3620673811960625,0.391325076966353,0.40867538863892855,0.14219647437936025,0.021819577662456124,0.025209923013217072,0.810346217684803,0.9867505658731055,0.9062361127629461,0.0002090490609801925,0.385749004666744,0.978056874939123,0.9196918517794404
Gabra5_7_57157887_-,0.00943418303049115,0.9790306354192452,0.48034432397180743,0.801016812445358,0.20369537442074354,0.46749255663761435,0.6816278535047929,0.8796522207984925,0.01131379893759138,0.8707260945889472,0.9208275285180602,0.3230665996830723,0.4499644136803366,0.8452931438481567,0.9081896098106716,0.7733246572815929,0.7589855778519318,0.4412411858617898,0.8214257053145058,0.45043333783991163,0.9439658064607479,0.39251116751662013,0.3473044036782096,0.8328301624495464,0.35411628413192814,0.1568374009024449,0.7857269193038042,0.5376787159971272,0.6675165120128885,0.0003584152822070959,0.3932155234818907,0.9153011143872362,0.7050596293252962
Kcnn2_18_45788264_+,0.00813378663826606,0.9647714062715828,0.9393331686158923,0.3628578723381691,0.8894151621338187,2.365831418557124e-06,0.054373748305384655,0.8211025324377722,0.3876384187129654,0.6378347386916111,0.7069215444785375,0.13285089086458224,0.8639432317995064,0.8786635712797145,0.9193870582127976,0.7613846072534616,0.14816903038611112,0.2238616176631876,0.1722327411146093,0.23213580461262706,0.5632685935802455,0.886222925151213,0.34997026700077905,0.16712355803935747,0.874149235025905,0.2915527325230809,0.7077851432427393,0.9668401912114962,0.7990387361147567,1.5933967542773113e-08,0.33972486695696763,0.7082527595523339,0.48236036703200724
Gria1_11_56905979_+,0.5205327773531458,0.945786892435409,0.9750393007746151,0.5085756425284552,0.040992163825518825,0.0831638397399202,4.1913413578974385e-08,0.8623662708609366,0.26584288813055407,0.6140877562385569,0.8944085337861682,0.9679945387656637,0.9496977314506694,0.8456115102108608,0.9573609530643274,0.9643195819119739,0.9657924452174729,0.9723304307063932,0.639547105908968,0.9674758177689649,0.8946143308254392,0.9595577246619488,0.6447807414063408,0.652893184469993,0.3634820341060687,0.4216523246841751,0.945532549882881,0.07977979808223992,0.9347738690816314,0.003258007799446028,0.09060563787537325,0.7228151163487656,0.8047018256031574
Htr3a_9_48811291_-,0.9505240799946981,1.0,0.34405046451823357,0.005280341426803583,0.8788831292184239,0.021132644751362523,0.06593814210949656,0.8428234277692855,0.8616473557526017,0.6570091686183809,0.8845549062191128,0.6761829148021388,0.8064663277745632,0.7619819068138322,0.8100329688235517,0.9790306354192452,0.586462955798376,0.5509966320993991,0.7768972348770128,0.5569969906645761,0.945440830921501,0.8636374738035875,0.9873242198100436,0.7091238720595612,0.5413525183132265,0.7837036043504789,0.9604690044661676,0.3989939732311798,0.9572145315031593,0.0011539114999475294,0.2561872247491386,0.9087843104924515,0.6954288164511128
Gria2_3_80609964_-,0.823437964735474,0.07354908720224637,0.6818031996827665,0.9532876170821887,0.2910415982392569,0.9734054345450308,0.16288677767987345,0.32229350119594635,0.5475993368886951,0.4564702034722889,0.316046635518499,0.9925577274833751,0.9238893220362691,0.27540427659422884,0.04595041362649226,0.05087873971786193,0.2029409950805087,0.9689657048973096,0.6004163114005279,0.9680864101411196,0.1280878902553045,0.9109328732094869,0.8771707075261702,0.6107990978013356,0.17355773839688463,0.3361100670711319,0.05835269304281657,0.849196997353248,0.814756841801653,0.03030829065222503,0.024287709685463895,0.8507157868431592,0.2947362799628561
Scn8a_15_100834151_+,0.05248002113074379,0.6808173053501575,0.8116609343696957,0.9856409013833222,0.6380989640524005,0.7070672477980973,0.5764910543037312,0.623237415419983,0.9757863212898128,0.7271316184459621,0.04293891950691514,0.7664525143161447,0.9760672267542425,0.062258959575785755,0.3027864572173563,0.9823753895818008,0.7244992639547376,0.19485918189379467,0.8295084982139723,0.20435864235013218,0.9674317577029796,0.9350028350968461,0.6171013792737908,0.820563301904408,0.057997591052533395,0.028222651223602766,0.9754985947505869,0.7627216320131213,0.972829454032263,0.018140946774573164,0.5422629253161738,0.5101503568621855,0.4532723327697932
Gria4_9_4432888_-,0.5996424677977279,0.6375936535162701,0.6797943451468305,0.4073271344959792,0.007832794262535582,0.5397761526563101,0.05690146716926011,0.7074896926236539,0.12066876612078191,0.6907037656856353,0.7004502915491271,1.0,0.8409164391153291,0.9990245161161052,0.9303123755919587,0.41136806014821276,0.22450935944114925,0.7863661718060122,0.12717660145766918,0.7946088849064636,0.6771242548842524,0.10003529832695478,0.832660526095918,0.17821349418585863,0.8312491084684553,0.5647065464060247,0.4493664329513208,0.026120729723901854,0.920924283902373,0.001238491700355891,0.2585984030032606,0.9798521677030216,0.5410155534383367
Pkd2_5_104642758_+,0.7050518515223455,0.2871348599009115,0.8514453282456014,0.39007837743868823,0.8216454412181413,0.040992163825518825,0.6402179810052381,0.7387870917877748,0.827082781908847,0.8989789874340459,0.9610076033844219,0.816802742425036,0.49313924616189003,0.9615454736928014,0.9206174254874476,0.4518312213271544,0.5239477460782563,0.7050970489890876,0.9519416427415939,0.6989202617731562,0.2056433639658741,0.8998522537286257,0.9266069080987047,0.9641826030043871,0.48167292241651116,0.6432417802300375,0.4536864561797416,0.8350913792430124,0.7671012941339935,0.0025259501900214533,0.5857500943682262,0.9876753743706136,0.24273297756212273
Asic1_15_99592574_+,0.84130043421166,0.7946279511644274,0.7922093602870318,0.13226291240350363,0.0002766798583183403,0.42465903692646484,0.3671499572187672,0.2776198667449859,0.7265454695193988,0.38152811672467546,0.9005535406438926,0.9473960249376453,0.3020182617690732,0.9505240799946981,0.7873532426502865,0.9806941394039892,0.7909112571531728,0.7712409218092202,0.21372174443725633,0.7724554320731569,0.5810510136458263,0.7077851432427393,0.9242211171439706,0.30149794103592464,0.7358114702744822,0.9609148915638642,0.9995250164341907,0.6563178799680615,0.7624678128312187,2.029109944685113e-05,0.26490428464004573,0.8238829294860964,0.7702326714520802
Grin1_2_25182141_-,0.2909849360227978,0.12005019560015913,0.8100582623468074,0.6161519673419683,0.9398169053143217,0.36809982388823015,0.7593006667935148,0.3602905988855302,0.9191407703890617,0.20595567902199327,0.4207722915709931,0.08419370938334282,0.8087065409360306,0.40556028148321643,0.26640468322295074,0.33051754351774204,0.657910345722083,0.8686825770801639,0.4607521297142972,0.871428087675082,0.06669037286517764,0.6231390960072262,0.590583359127967,0.5675534792735613,0.08494432108532367,0.04500054289378522,0.32457690218964924,0.5062557219951067,0.9404847122200566,0.004923523566125517,0.5297717874001432,0.7885931314597658,0.7418652756459224
Kcna2_3_107010499_+,0.3686649286670798,0.9590003413207482,1.0,0.022011232689246395,0.4627242484485762,0.6024983941125004,0.6447175672420996,0.8497046323184179,0.158994825843725,0.951198671123262,0.3006225183899994,0.9666164883312788,0.44781639716982946,0.8149101999037651,0.9250160192493196,0.6159282543143585,0.41618809607261303,0.8790005490584827,0.692106544236757,0.8829490299654387,0.7533992788853697,0.7618549026879521,0.9530898480628853,0.6835997311464912,0.47598928095741655,0.6631398913075166,0.6084425858975889,0.4866278370641559,0.6773426251188239,0.00030389417417084596,0.9059786322472505,0.8694100657952585,0.7198799947672394
Trpm7_2_126686395_-,0.8618776955050506,0.11989177117374991,0.6360214760912388,0.8360108428420382,0.04133088573136038,0.8856027017037463,0.9899581419544797,0.0978329506780417,0.24360825821874765,0.3119954600123032,0.8497898776456586,0.8706744127366591,0.16790579742932102,0.4244107193244367,0.6654841428626104,0.4396217004512314,0.81953081792037,0.7707640802688183,0.9637848938729799,0.7686163095228521,0.6101289892385314,0.42826927867617054,0.8173551116764137,0.992438342136498,0.7567155096478038,1.0,0.49313924616189003,0.9632974519761551,0.7379441388478383,0.01025465694253722,0.5626761944062941,0.8377140967307947,0.749873070568605
Gria1_11_57218268_+,0.47218357085859186,0.9285115816582061,0.433412406995105,0.8042823499643128,0.710719274740616,0.2576422874649219,5.0866581182304075e-05,0.9609734307837755,0.897453894643835,0.9076524154544598,0.8592539108511498,0.8135189358358281,0.5118710827766377,0.9485947337906305,0.9547755598156856,0.7399299911725611,0.8755752542296753,0.918028142907219,0.8415562575217487,0.9202355870471018,0.9783197777313848,0.9235191391876835,0.9007446491286747,0.8485874079605327,0.845659834820303,0.6596878438285,0.7446421482012745,0.8368163558794108,0.9795364199506915,0.00011083390691386913,0.7285827058114356,0.8683402863059871,0.9485765789743842
Grik2_10_49116893_-,0.7019545323405183,0.019793771136126855,0.9678567355953329,0.9789603701140251,0.8833401638136701,0.6324515394286518,0.6266933814096366,0.29046768665883227,0.24148294477853582,0.08259997101048969,0.6269974925479855,0.7644330176578309,0.9770316396882385,0.29309753212524337,0.9008100257945824,0.13189054321175336,0.7495685029823147,1.0,0.18112629416829729,1.0,0.7032006087948004,0.8839207202770891,0.9347109702403439,0.2225666456496571,0.11925850765773115,0.6443154692090803,0.14731462138973636,0.6184934434381272,0.5812617248488207,0.00349085546594542,0.06601834290131622,0.6982826672937106,0.642762413579202
Scn8a_15_100927458_+,0.2276543005116004,0.2671223792584038,0.8865085537458506,0.6969797039554932,0.9555793699662997,0.012786868514758644,0.878381065464764,0.9501171097517583,0.7263910115746587,0.9493744658117544,0.7830421050700767,0.9352277348862563,0.7493249645844985,0.9306352496703625,0.9927912919835945,0.21240577739316316,0.19085081502744994,0.59312034051551,0.3754299124314529,0.5885700478598638,0.4396217004512314,0.7878145771761002,0.8513605736864762,0.5579958242683692,0.5323977374417779,0.8122890691030831,0.20223044242369206,0.5986021466241148,0.8535445886474995,0.0005229342203904479,0.8807944989064523,0.7815846996857531,0.640242382911932
Gria2_3_80597826_-,0.3810686457149403,0.05196226667599717,0.773382181883914,0.07056433294694008,0.0002795429142387201,0.6803810088986978,0.46022535128685566,0.7375892692601337,0.9936344479868526,0.39096214192118595,0.7635696812709807,0.27084805518190647,0.9643966820911575,0.9575329792735825,0.7191377032849663,0.1392927397925619,0.6654232366455184,0.7130824434132524,0.5635100023402041,0.7220981277752458,0.9124512677078868,0.4465015424362425,0.4829107442708971,0.6287269422485642,0.8537018914149566,0.8305251475244441,0.16873399389131155,0.3546774943928593,0.8849685593890817,8.496541233076036e-06,0.24622289808751013,0.9817415730822514,0.925244988183875
Cacna1e_1_154601667_-,0.05447370327480827,0.27468724084235596,1.0,0.5455696275550246,0.7175786304463214,0.202021583913029,0.5436574406274076,0.48220154953137406,0.23122740060734553,0.6261950626541671,0.2531982710717133,0.8692751876051438,0.9175532030288932,0.42177389752360883,0.5732749308816677,0.627479746454244,0.4246485183911748,0.8837360334260824,0.9340971049584036,0.8890919226869419,0.7920674942232434,0.9510109735168223,0.6939132874682985,0.9314470209437228,0.17547598135446038,0.008319383027782803,0.662556045965481,0.9081318012982774,0.833057879523255,0.00046551335800003134,0.2899684847368069,0.7084370651433285,0.9896951551077878
Gria2_3_80648506_-,0.792915459380071,0.868662100254332,0.6986641516646488,0.6748626264715887,0.6537599047443877,0.04743547195223462,0.763845291571231,0.8234579858515884,0.9590453813921679,0.7000213228507842,0.7495800139477331,0.6907232095206216,0.83790221159155,0.5804971210014807,0.49377698750284105,0.935277769431223,0.8964602767381591,0.9880031355720233,0.6777943872462179,0.986382046294431,0.8891574371815776,0.8382210848348852,0.9986945333216491,0.7210521797445802,0.7735325320273229,0.8013793858715709,0.9676036465651267,0.8170220258071387,0.9567390474835278,0.014887856143566308,0.48922808127820977,0.9085103921772185,0.9296476358473369
Gria1_11_57111843_+,0.40454885857110107,0.7157053315695466,0.7588896361585031,0.5314860624468443,0.08476420407630272,0.7016813177058073,0.016328761892476007,0.9361919825759257,0.8715049639664789,0.8684535679477801,0.6768264610039221,0.9811529933693487,0.934801467278517,0.39661871075767635,0.4631867926582762,0.34219250331601603,0.6387851439168917,0.6355431709407849,0.9012929253086085,0.6423945725589547,0.75771637935294,0.5607836221973701,0.6736307107768283,0.9435237358532382,0.8324479510805156,0.7843873131429232,0.3721291245837428,0.9189308073651203,0.7965096469076489,0.022279740513028664,0.4576277814125114,0.7047928372851735,0.8420520655837298
Kcnt1_2_25805790_+,0.05612983818405712,0.3913247705000527,0.8117910862364096,0.9278785499603748,0.9148855746742727,0.8285107000303344,0.652522821246514,0.3206985984986376,0.6739892823850052,0.43789514148640446,0.20463799346406283,0.06850383631109881,0.9136953403799313,0.510909287821563,0.5781616830058868,0.5441203826034555,1.0,0.6894467699745709,0.6437874121438061,0.7012530801110382,0.9989045007303058,0.9887772862060096,0.6781811038383657,0.7038033975736129,0.0431455760194067,0.11112587120050181,0.5527145136311358,0.8949885891585183,0.514953337179363,0.017656708851424608,0.4578911485385434,0.9276155748852466,0.97628608347353
Gabra2_5_71165410_-,0.9845657496706516,0.6591544260205519,0.529104282306259,0.9060112257580795,0.30366599560466884,0.7179869686552359,0.0012380072416848975,0.6772256980696684,0.5153320863759981,0.8290296037077162,0.861323291103553,0.12803572892936074,1.0,0.0837274939043042,0.2054594198637591,0.40455642584638446,0.731408346033345,0.45285937457410014,0.803688696414364,0.43912774847343233,0.46153289811044973,0.9057847003364795,0.5935340620459053,0.7821206691069396,0.9221034881756156,0.9688618627020306,0.41723737320618065,0.9348205223881108,0.7634090578925364,0.13003455857157228,0.0048525708816444845,0.19056391825274294,1.0
Kcnn2_18_45810003_+,0.9396212395909413,0.4727970005088493,0.6437744714185601,0.08522955609188333,0.9134078245446141,0.86515861572225,0.20118574128252678,0.8518195161192452,0.1909296624426532,0.9267046988688391,0.02216988464566365,0.6201264386056614,0.24019699977533998,0.7857941662849844,0.7234800759603545,0.4090746232883126,0.5233423016388816,0.292074539916785,0.5833154581922372,0.2952435375429962,0.6609089748842899,0.4301569865242951,0.5606492685157458,0.7855995288424237,0.45545007870680987,0.9819191736798518,0.3370995309146188,0.1390808810408607,0.2891434331886594,0.028998451323587013,0.7851932243821217,0.9452896024380585,0.48517288106294904
Trpc3_3_36678570_-,0.919157312666162,0.3316498001305594,0.9690948971809107,0.721966597027427,0.9050322685057546,0.025548943988875323,0.6813492597781899,0.8765329690486796,0.9918601600135923,0.8100121525481878,0.35092551743201256,0.9465864916382837,0.40123651367091245,0.35100337497628875,0.49377698750284105,0.9938322933094983,0.5242195737803356,0.8307071281569345,0.7211742799842653,0.8277599606415085,0.6023084721427067,0.9529593880683993,0.9588420561368829,0.7453823042317521,0.24812832529831977,0.5588286983863873,0.9684354635724712,0.5483687106533275,0.901859977755608,0.011942279100432758,0.298830175739044,0.8251191599407421,0.25035009787537066
Gria4_9_4795364_-,0.9846836650882079,0.9959759188770306,0.8187862989885689,0.84222922826923,0.18777958609297793,0.026105296440638387,0.587242166323144,0.8954919944200159,0.482986075622905,0.7857941662849844,0.2460963085441953,0.9503305732423694,0.2656625247423131,0.5122708377976543,0.3980338867696124,0.5303684058943888,0.750748871973446,0.9978484461973643,0.9635008378951565,0.996867155175995,0.9068719896675705,0.39845250150937805,0.952669055258756,0.9532150216350961,0.5979411471581185,0.8888137403412142,0.4849678388369424,0.7101383118931445,0.7761566548640741,0.00950250298765101,0.854368535934826,0.9518183962199462,0.4241086178033066
Grid1_14_34748701_+,0.3784974197213533,0.00745553966979161,0.9132747606328478,0.8545906304429661,0.8513605736864762,0.26930956526420247,0.6046285944803502,0.22930781549804108,0.8620436939624451,0.23314267570864397,0.9440250667591061,0.8589680434661404,0.9685117713848062,0.8692784782213936,0.9759925497280242,0.2248350815505394,0.9868671461410019,0.7828420498770988,0.2935209607549194,0.790769013367648,0.5979430014615823,0.8077759030669691,0.5316727057180138,0.35884200814106965,0.16195267697378338,0.11703434858650612,0.21910144690635971,0.543396280781767,0.3796836776267658,0.0005297339103153931,0.9858879852560833,0.7527112285009533,0.9707439258892313
Kcnh7_2_62667625_-,0.7177099669378191,0.45536627954432285,0.07945652928050312,0.43010693123783683,0.7866527064179727,0.8775569979394519,0.9415101240591172,0.6866613036785003,0.9486256264207965,0.7233688584728366,0.9628313562838177,0.4003053116545998,0.873249139137706,0.7117186864951188,0.5902512273194985,0.3166068162199295,0.7481824133878497,1.0,0.8580818463739888,1.0,0.6569574841413208,0.8870016166544022,0.9593813576119103,0.8756947864316376,0.34175254333413946,0.38564667957437637,0.32316093682215313,0.6045161973540365,0.5447804850156526,0.0008648857528959133,0.622523127405351,0.8903043463854237,0.7783545903804165
Kcnma1_14_23350111_-,0.9157320187240905,0.16239855665671324,0.8000570737077517,0.637489783038659,0.19205454821579185,0.7565094712543388,0.3607816454678119,0.1447669457954941,0.725654960242999,0.8026283707050879,0.8886690372995392,0.5387882040312965,0.6519160981114783,0.5062557219951067,0.5253256907313089,0.11136852644709921,0.3008190666035402,0.2647507891458579,0.9235874704837604,0.2607027152297692,0.6654555644089891,0.8646990832099856,0.38407963414486945,0.9235869194039478,0.24187243102732336,0.4174926011342449,0.11424835159256859,0.8564868399029945,0.9092846715318796,0.04058913184968562,0.22561013045559106,0.8757507030386321,0.529006929951937
Kcnc1_7_46076769_+,0.9083755284133523,0.7911326698575012,0.8373887435254137,0.7758219602785059,0.49640621113016986,0.10649051377090692,0.9903126585394951,0.9855608944328139,0.9872479890250672,0.9187025326563852,0.9225551519793724,0.842998333076928,0.7165913548216606,0.661349051929947,0.6501457572610615,0.7651873856071191,0.9006354232376965,0.9095788538929478,0.9305596668200703,0.9065436989356209,0.8404268557905248,0.6801293534719531,0.9911614889348944,0.9012852552299089,0.6430932348412123,0.843422051248223,0.7801856726587623,0.8977991045463123,0.989347159437292,0.04940798669385679,0.9930697965129955,0.8836968872148079,0.9506219820372748
Mcoln1_8_3560319_+,0.9661384693044307,0.35906774742916064,0.8748282348397434,0.9222539630735429,0.4449374128139418,0.9897783085472006,0.6298002512679608,0.05806327201568682,0.33308678231485933,0.043441716280643035,0.6575153123445592,0.9193505365561118,0.9985146467487955,0.13590072990711125,0.5753735842719068,0.9332616803532885,0.4945211116659962,0.7952755029202176,0.8143446960141013,0.7938708979323246,0.732899706019136,0.7018374528824162,0.9405045037348481,0.7845518985410345,0.812964510914318,0.9096179792228429,0.9190468422600188,0.9801934926096174,0.4418562995982885,0.2474691874622953,0.9676662467427745,0.30356557128807765,0.9492797375204655
Kcnn2_18_45803284_+,0.1325992746435834,0.9972852716813522,0.9161374539282287,0.9703464972019139,0.3374065451572268,0.4926393197600831,0.1131147580774466,0.8519848048725654,0.8287542845312359,0.965091053990416,0.5948115004995457,0.9364308539422381,0.6277958289103801,0.38222359353144647,0.5349314129324689,0.7481824133878497,0.6952961729522562,0.15869478209641932,0.9760267433623462,0.16108307237963057,0.775902525153627,0.7621705036166735,0.17193690540706505,0.9689338358992767,0.42988875014571193,0.1525792163925712,0.6996404287249556,0.6258679190327963,0.09864190181807658,0.038219926142466616,0.2479219214434031,0.9755081726896284,0.5427569571389497
Kcnu1_8_26401987_+,0.3412478674725651,0.48960621267046084,1.0,0.9878188294509591,0.9472633586119511,0.965824918302004,0.8509029512579133,0.4307047941266364,0.9098088456068427,0.5318335927363546,0.1780140372465931,0.8479185965324947,0.3374535271326756,0.7045579464797344,0.3445847437215394,0.7833416232993398,0.9852791216611387,0.31556395609123533,0.6993958327996875,0.32366484107122767,0.8908502505252808,0.8107521487989979,0.0940362797164515,0.6691097364724046,0.16886468731166462,0.03029834660409168,0.7792249853027173,0.8952753155789771,0.7357712926293803,0.19930618380654683,0.8968072123307677,0.8382914058419048,0.8643232311742908
Kcnma1_14_23350114_-,0.9243300189843232,0.08303044739030588,1.0,0.2851897676447626,0.8244302625847653,0.07632226093546947,0.32897054388768576,0.8022565258467494,0.9870841690274079,0.9774741730622902,0.3228558413630771,0.8753916225688209,0.47868363862915564,0.5528092608100229,0.35581173251950454,0.13929018167677407,0.5583669342780413,0.5918194753938448,0.9215869051153067,0.5990623236766218,0.270263819990421,0.5911739998123853,0.7044362498332721,0.948030904574817,0.05073948001994267,0.1571950628179886,0.13285089086458224,0.968956952316184,0.9452054370325029,0.0015841202128507408,0.6211909771298401,0.8110381026298704,0.8163878219349675
Mcoln1_8_3560539_+,0.0515829759546478,0.49864780547390214,0.973498433214512,0.7547396991628267,0.2161736768882316,0.730517083430516,0.423555470696473,0.7632634413789936,0.3934810839798605,0.9449644894338958,0.2510429309834496,0.786323205438243,0.9803955153350501,0.8971576001959088,0.8308697776884142,0.18027404816076442,0.12980437631513042,0.7005560298529786,0.9835238298021303,0.705448930701842,0.9586914358384163,0.09464634756694577,0.6904014382634577,0.986122926158648,0.7571010589915149,0.8240855352411639,0.1749919320574458,0.8801251695782877,0.8883796820224723,0.005479064053427622,0.1362615214241658,0.8482767560460057,0.549641416321387
Kcnma1_14_23559969_-,0.336493151969126,0.4138693128928974,0.585914083451624,0.8997058998359183,0.38640382754644387,0.8463585894380178,0.8627964311584754,0.5200412159837621,0.890626674894592,0.9482111019228064,0.9350028350968461,0.8421644700864246,0.665507466648629,0.9976739874495865,0.7108740643193501,0.7138403663517373,0.6992555806356614,0.7138403663517373,0.8504568639459393,0.7152768507226038,0.7512293611586348,0.8272092550463351,0.6862078081556613,0.8464718234263516,0.8566914315647958,0.7325842479824088,0.7000924521585836,0.6334908642346334,0.5673834607123506,0.03763179587024725,0.1767794479877662,0.4933574194339654,0.9951416015565729
Gria4_9_4793969_-,0.7475426056865586,0.8737754007989055,0.8343822006540074,0.9535647705470914,0.09860730896949504,0.05789632450525331,0.5361487905691374,0.9111186096277143,0.9715041959226929,0.843741621161224,0.8544216245493254,0.7863163857798436,0.8737270216352719,0.6879322136518142,0.9811151027431007,0.943428008120068,0.8048075217950387,0.8057196205930807,0.834218009169989,0.8094688160442088,0.8846698539394013,1.0,0.8730641822609182,0.9318817209531126,0.6000404442731047,0.6868056415597729,0.9381463572739003,0.6947493136755003,0.9172456011859176,0.00962950642079744,0.946009356361091,0.890067443230914,0.8831933726016852
Mcoln1_8_3564782_+,0.975555574853814,0.9406135898107264,0.8509511456502703,0.6528426941123264,0.739848588980275,0.22797599013314207,0.7674668993282688,0.9059786322472505,0.9684040698578777,0.9085373894397573,0.241291133772995,0.9021650886133218,0.8914383872405212,0.7904764942424252,0.699904467801298,0.8086530690776114,0.8238540031977657,0.7294370439199371,0.6563612531100295,0.7314270589500484,0.6981172041489531,0.6667660828109138,0.7660989862555415,0.7511145234236672,0.8874049682083791,0.668211531159915,0.8540698767513553,0.8258486670385862,0.13436028659329058,0.046040854020166104,0.9999029517356347,0.80665847142446,0.34004618055914554
Gria3_X_40765216_+,0.43438736843240916,0.6857323475194409,0.9247666092696376,0.8968649266456362,0.2762569386259173,0.23497187318990584,0.6605411944891186,0.8408173139478351,0.7524630634014213,0.8388010655907165,0.6061481655700476,0.8754844799262155,0.9641173513562803,0.9174348449983516,0.8273472395303754,0.9675161235185962,0.9958142401295864,0.987832929795965,0.6584670509240859,0.9882662266257355,0.9353275894335988,0.5492846007448569,0.9273621904299357,0.7289716179763025,0.505912635470462,0.6653315531018911,0.9704510997446534,0.4787989792208243,0.6270165787284162,0.005855465262935621,0.8839450048749032,0.6447175672420996,0.9784679950795697
Cacna1a_8_85328017_+,0.6610700303318017,0.9805860255718168,0.7847836307190277,0.09142627168124777,0.7316539431127287,0.8410055716519003,0.9797376036697578,0.8816729879568119,0.6634340986190257,0.9483148569549398,0.9981638799243768,0.44651566991174085,0.7423668821595707,0.993214868554704,0.8154107516609418,0.9533856544592362,0.9616061765236935,0.4893582647751487,0.6214037531096586,0.49514236159676467,0.9722572504854804,0.839304839645638,0.6224053802920824,0.4960684162328668,0.6422056294935609,0.6678647626937632,0.9283169835393044,0.573472259273138,0.9031667142663747,0.03078568729331311,0.7591656874536803,0.8787149339899164,0.8698489248920244
Cacna1e_1_154362454_-,0.6303418641279195,0.8939244826979578,1.0,0.500469226397208,0.9099932920294764,0.8626972868862396,0.7564265383684041,0.8251169755736847,0.7006093884152476,0.9696162066700706,0.8793638913138551,0.9382404229668219,0.8538842395800298,0.36064905906369565,0.40674739609671223,0.6592145464534919,0.5606546320725267,0.5068471225848996,0.9575668928334352,0.5143411796520103,0.49686376299997104,0.9644296510870575,0.949858654777478,0.9579025504522757,0.057612768329093005,0.043207715525794534,0.6415397215274383,0.9514959061389829,0.9246516128669385,0.27991705544391393,0.657663835831656,0.6519813127401846,0.6315759842880637
Gabra4_5_71795619_-,0.6727265778784655,0.5917483565120486,0.5919474346648259,0.9067775244685237,0.34389408832083324,0.3648369415785827,0.8384576319214697,0.5951698556495453,1.0,0.28945781127325787,0.7862761689238411,0.9841745878483542,0.9509069328603775,0.8094345296485641,0.9347738690816314,0.9274721210537943,0.6683045398775129,0.9833262818159169,0.8871873315885852,0.987107656432974,0.8768605126749301,0.6815472345317448,0.944630647055909,0.8971576001959088,0.9603615979175295,0.9754213062597294,0.9340287002330364,0.9011350801182632,0.8383175306679945,0.0369934896676293,0.7752805223065025,0.8165950180359715,0.9638242004926599
Trpm2_10_77766492_-,0.994656360067784,0.8970732194033928,1.0,0.8439099736358462,0.9501356638416905,0.40847377926774914,0.9330105402689548,0.345942139052339,0.9172383864868406,0.381316136406023,0.6582293928010599,0.8023316270288435,0.47456104377557,0.9224104904131436,0.6975828060140025,0.9187025326563852,0.5958346052742635,0.8709307248631256,0.4998536913079663,0.8615782658575524,0.9282814681687843,0.6421279069321693,0.8808715724797415,0.5216365771046421,0.8369747380539558,0.7517729072281417,0.9223249250820574,0.8082603033163729,0.937189749524155,0.37194766728868883,0.3339688158606698,0.0005818037552826812,0.16485482574346957
Trpc6_9_8652936_+,0.44843235623572786,0.545233866589537,0.8971596510943601,0.41480375888779236,0.7283650012247869,0.3556293873678306,0.643897677387965,0.7739240527050936,0.7327384227961005,0.5109645720472205,0.8933282282093914,0.8683577260903995,0.5807685013071627,0.7852755106105205,0.9011600730695294,0.1627618121732484,0.2854895489660519,0.8189177088724576,0.9799860978810114,0.8151637673437463,0.6382500989882546,0.7075283669108771,1.0,0.9705128491776114,0.36197995883807244,0.5507571896846266,0.19568431003604658,0.43815318451534685,1.0,0.019852653831577628,0.9893323001676455,0.8101960238955407,0.4861757023278032
Trpc4_3_54187283_+,0.7154312094193491,0.8025460872846574,0.7029335068068099,0.759039213036359,0.8999624689798201,0.8941322740470995,0.8618352933136845,0.7336041855283556,0.3240086023833208,0.9912140959058661,0.8602183514539324,0.9521862653758226,0.6981914645727224,0.8683962650078821,0.8166901954350235,0.7874278912439626,0.7663189764738303,0.9032534790838807,0.7543820610736566,0.9021889091437371,0.9015089698068877,0.9766022935757915,0.8398811718912113,0.7835585210457715,0.8087519695995714,0.8988670199936689,0.7669051414499605,0.4456792090359761,0.8268415507598832,0.04854971022662668,0.7419634284178791,0.9546083857584428,0.9662992922623426
Trpc4_3_54102073_+,0.14168043932339314,0.6063050804807254,0.8766149140646304,0.716672418405637,0.7246062469122757,0.5758356618448817,0.52008937264997,0.553749415377805,0.7982450669635265,0.8576901851898625,0.8577041433203587,0.9941202635821585,0.7878560027883513,0.7500629696765035,0.8128860131926071,0.9837028172259679,0.740070138759248,0.8992180432538099,0.9641826030043871,0.8996773834451536,0.9645799872336621,0.41997483131729035,0.9919566586615867,0.9616015728573236,0.6146277398755223,0.8267218831355986,0.9205736709871927,0.3292680176316904,0.9519520450724518,0.025081330763103156,0.9256128006945604,0.9097216826370447,0.5029588081111915
Trpc1_9_95614263_-,0.3132705839656345,0.8272739318259138,0.6916922147817881,0.7465310961425886,0.8015177718753249,0.7687203419296557,0.8255950423043685,0.3413005902665203,0.9269626079871931,0.5710032243826094,0.4243972058508815,0.915686706736448,0.8065079399165069,1.0,0.8931220404969887,0.9103044990317697,0.9231289412869363,0.8631161154379658,0.8489480585609154,0.8673105983725866,0.8072312655510526,0.9940086923260218,0.8504688759355297,0.8520099763559935,0.24950301976533779,0.19159557655959242,0.9235191391876835,0.9605265292787306,0.815142200902654,0.02291649114852819,0.9687457983424633,0.879523080559126,0.9590871106212416
Glrb_3_80787040_-,0.7798373545782512,0.18725738534086972,0.8278764150651337,0.8996028651231459,0.7473377162847524,0.27420443490693763,0.9059859384773332,0.2608346007801756,0.6720392187369922,0.502957842745621,0.7689253260897965,0.5963926698144943,0.7686504533562185,0.8740307300217947,0.93422129463353,0.3194233668475304,0.7826612925531036,0.9006689436446812,0.6717669296398622,0.9031326554843161,0.9248819535969051,0.9157795006019892,0.9201462277528899,0.6145314140148934,0.6146529706133689,0.9519707387598835,0.2795955369138264,0.27991926168435505,0.6849351724231977,0.04111311236092548,0.9495757572394722,0.867581644259299,0.6630477048377457
Gria1_11_57133574_+,0.05508557986123561,0.8973728920021854,0.7348199031954895,0.8881760698212596,0.353348814676394,0.3522891179292862,0.2575437496121016,0.9474568982419892,0.7293305010242156,0.9890298685372055,0.6202487867434526,0.9960297878222787,0.38843455665697485,0.1839797061003949,0.1423031048440711,0.9335268450022522,0.8485814486276763,0.9414540761670804,0.9589167606037898,0.9328837033896497,0.7961739291379656,0.8673504871370195,0.9029644085109231,0.995285361204377,0.13467271734937133,0.13227370056761406,0.937087695221064,0.17130961553903817,0.3181666918092668,0.0044065368068176595,0.8062199746577949,0.9827938440933446,0.5580121046109331
Gria4_9_4472219_-,0.5828368271589791,0.5045292157991469,0.8707099521408285,0.48789641503485365,0.5162101756354984,0.9878754598875841,0.7364073398864864,0.10969477290719734,0.6995688453266673,0.5686712260577207,0.1415052144892832,0.9961614797725244,0.1900853897859595,0.020674634167465157,0.0904668346530199,0.878610790469339,0.9674109489140986,0.9279198243150252,0.7656588678246813,0.931306949146682,0.7211952303285492,1.0,0.9999029517356347,0.6928948222192517,0.7293029159465108,0.821540091878968,0.8963874776539952,0.5591789583414929,0.9280815485466754,0.09571350341453161,0.7797339576644905,0.9956738208418322,0.8041763108642437
Grik1_16_87711293_-,0.7531057074410968,0.4459016043089473,1.0,0.4728585740486232,0.9357434025449467,0.5135954230671826,0.048298869985508974,0.9640910694727904,0.9909546340062086,0.8632784948992261,0.8571750788685855,0.8792439395986823,0.5599143342323414,0.6928634011902108,0.879568119481375,0.9269879278922394,0.4618336331404619,0.832056045038379,0.2759577366926573,0.8373475505898774,0.8463544365854875,0.4106063235303758,0.9561484032811695,0.3099384488435696,0.6251213307800005,0.5599990477579795,0.9251378900586323,0.810046928847175,0.9764865286491539,0.08085820840186836,0.8757547219068327,0.4308426842737662,0.9906736952854238
Pkd2_5_104634512_+,0.7950273476727739,0.8794769688650627,0.8021104095307358,0.8723085854646608,0.9199749549979735,0.6294201787628333,0.7859065057173684,0.8456103513683384,0.9941842089005418,0.9348773261233263,0.7872473233514369,0.36988925714603726,0.03581943675424056,0.9509065751234986,0.8878049148702616,0.5927452453343638,0.24414559936364058,0.9089486491040899,0.7257037718452231,0.9081962276208243,0.8472527635368755,0.9825257258252738,0.9461585442271012,0.6685319832757814,0.7812337968919691,0.8427187951502187,0.5711786086091621,0.8629871580788269,0.850008757742898,0.4174926011342449,0.5287225710770417,0.6353779927617399,0.796395366137953
Kcns3_12_11178489_-,0.6219337239042576,0.3914358467825345,1.0,0.5014084872892177,0.9806005959487939,0.22910999443417465,0.47533122569510994,0.14523018582205444,0.9028113587942055,0.30160674637156126,0.6698544436579601,0.18178458117979734,0.6720311685990796,0.9409313838814486,0.7289716179763025,0.2564672070974249,0.9012852552299089,0.9575779117739722,0.841274975749757,0.963205713247949,0.7771065705473755,0.9083596977806969,0.954942507216585,0.8639007109096581,0.09402213170828197,0.2271162808551711,0.2588116277670551,0.6115742027955459,0.7420893780913259,0.02587905278082625,0.7843873131429232,0.775239639849256,0.8959290505862828
