event_name,chromosome,start,end,strand,intron_motif,annotation,unique,multi,max_overhang,i,canonical_start,gene_id_start,canonical_end,gene_id_end,n_genes,gene_id,gene_name,n_genes_per_intron_group,intron_group_size
Scn1a_2_66181571_-,2,66181571,66240205,-,2,1,18692,98,23,430661,1,ENSMUSG00000064329,1,ENSMUSG00000064329,1,ENSMUSG00000064329,Scn1a,1,4
Scn1a_2_66181571_-,2,66181571,66241686,-,2,0,439,9,18,430662,1,ENSMUSG00000064329,2,,1,ENSMUSG00000064329,Scn1a,1,4
Scn1a_2_66181571_-,2,66181571,66271043,-,2,1,9513,8,24,430664,1,ENSMUSG00000064329,0,ENSMUSG00000064329,1,ENSMUSG00000064329,Scn1a,1,4
Scn1a_2_66181571_-,2,66181571,66271179,-,2,0,460,1,25,430665,1,ENSMUSG00000064329,2,,1,ENSMUSG00000064329,Scn1a,1,4
Gria3_X_40761095_+,X,40743802,40761095,+,1,1,1326,23,24,270128,0,ENSMUSG00000001986,1,ENSMUSG00000001986,1,ENSMUSG00000001986,Gria3,1,3
Gria3_X_40761095_+,X,40749017,40761095,+,1,0,202,0,22,270186,2,,1,ENSMUSG00000001986,1,ENSMUSG00000001986,Gria3,1,3
Gria3_X_40761095_+,X,40758493,40761095,+,1,1,5252,64,24,270263,1,ENSMUSG00000001986,1,ENSMUSG00000001986,1,ENSMUSG00000001986,Gria3,1,3
Gria1_11_57208491_+,11,57180322,57208491,+,1,1,306,33,23,374104,1,ENSMUSG00000020524,1,ENSMUSG00000020524,1,ENSMUSG00000020524,Gria1,1,5
Gria1_11_57208491_+,11,57200710,57208491,+,1,1,7894,358,24,374289,0,ENSMUSG00000020524,1,ENSMUSG00000020524,1,ENSMUSG00000020524,Gria1,1,5
Gria1_11_57208491_+,11,57200720,57208491,+,1,0,203,1,18,374294,2,,1,ENSMUSG00000020524,1,ENSMUSG00000020524,Gria1,1,5
Gria1_11_57208491_+,11,57201549,57208491,+,1,1,3235,112,19,374303,1,ENSMUSG00000020524,1,ENSMUSG00000020524,1,ENSMUSG00000020524,Gria1,1,5
Gria1_11_57208491_+,11,57204483,57208491,+,1,0,115,2,24,374328,2,,1,ENSMUSG00000020524,1,ENSMUSG00000020524,Gria1,1,5
Itpr1_6_108345971_+,6,108340667,108345971,+,1,1,690,0,21,715234,1,ENSMUSG00000030102,1,ENSMUSG00000030102,1,ENSMUSG00000030102,Itpr1,1,2
Itpr1_6_108345971_+,6,108342305,108345971,+,1,1,1417,2,17,715252,1,ENSMUSG00000030102,1,ENSMUSG00000030102,1,ENSMUSG00000030102,Itpr1,1,2
Gabrg2_11_41803419_-,11,41803419,41804796,-,2,1,14892,1,24,277469,1,ENSMUSG00000020436,1,ENSMUSG00000020436,1,ENSMUSG00000020436,Gabrg2,1,2
Gabrg2_11_41803419_-,11,41803419,41807110,-,2,1,3448,0,24,277471,1,ENSMUSG00000020436,1,ENSMUSG00000020436,1,ENSMUSG00000020436,Gabrg2,1,2
Cacna1a_8_85306098_+,8,85298523,85306098,+,1,1,501,1,12,566052,1,ENSMUSG00000034656,1,ENSMUSG00000034656,1,ENSMUSG00000034656,Cacna1a,1,2
Cacna1a_8_85306098_+,8,85302924,85306098,+,1,0,468,1,5,566078,2,,1,ENSMUSG00000034656,1,ENSMUSG00000034656,Cacna1a,1,2
Grin1_2_25200488_-,2,25200488,25201354,-,2,1,5644,144,23,152199,1,ENSMUSG00000026959,1,ENSMUSG00000026959,1,ENSMUSG00000026959,Grin1,1,2
Grin1_2_25200488_-,2,25200488,25203439,-,2,1,5429,176,11,152200,1,ENSMUSG00000026959,1,ENSMUSG00000026959,1,ENSMUSG00000026959,Grin1,1,2
Kcnma1_14_23492148_-,14,23492148,23499267,-,2,1,995,0,12,134756,1,ENSMUSG00000063142,1,ENSMUSG00000063142,1,ENSMUSG00000063142,Kcnma1,1,2
Kcnma1_14_23492148_-,14,23492148,23501666,-,2,1,7828,2,24,134758,1,ENSMUSG00000063142,1,ENSMUSG00000063142,1,ENSMUSG00000063142,Kcnma1,1,2
Cacna1a_8_85344420_+,8,85341421,85344420,+,1,1,1073,30,10,566408,1,ENSMUSG00000034656,1,ENSMUSG00000034656,1,ENSMUSG00000034656,Cacna1a,1,2
Cacna1a_8_85344420_+,8,85342300,85344420,+,1,1,292,7,24,566415,0,ENSMUSG00000034656,1,ENSMUSG00000034656,1,ENSMUSG00000034656,Cacna1a,1,2
Gria2_3_80596659_-,3,80596659,80597710,-,2,1,4226,230,16,534307,1,ENSMUSG00000033981,0,ENSMUSG00000033981,1,ENSMUSG00000033981,Gria2,1,3
Gria2_3_80596659_-,3,80596659,80598626,-,2,1,10121,585,22,534311,1,ENSMUSG00000033981,1,ENSMUSG00000033981,1,ENSMUSG00000033981,Gria2,1,3
Gria2_3_80596659_-,3,80596659,80599591,-,2,1,198,14,19,534316,1,ENSMUSG00000033981,1,ENSMUSG00000033981,1,ENSMUSG00000033981,Gria2,1,3
Cacna1d_14_29850756_-,14,29850756,29851745,-,2,1,309,0,20,185312,1,ENSMUSG00000015968,0,ENSMUSG00000015968,1,ENSMUSG00000015968,Cacna1d,1,2
Cacna1d_14_29850756_-,14,29850756,29852073,-,2,1,785,1,25,185313,1,ENSMUSG00000015968,1,ENSMUSG00000015968,1,ENSMUSG00000015968,Cacna1d,1,2
Kcnc3_7_44251292_+,7,44248000,44251292,+,1,1,845,3,17,292137,1,ENSMUSG00000062785,1,ENSMUSG00000062785,1,ENSMUSG00000062785,Kcnc3,1,2
Kcnc3_7_44251292_+,7,44250353,44251292,+,1,1,353,4,25,292179,0,ENSMUSG00000062785,1,ENSMUSG00000062785,1,ENSMUSG00000062785,Kcnc3,1,2
Kcnq2_2_180742412_-,2,180742412,180745434,-,2,1,1059,10,7,948074,1,ENSMUSG00000016346,1,ENSMUSG00000016346,1,ENSMUSG00000016346,Kcnq2,1,2
Kcnq2_2_180742412_-,2,180742412,180746679,-,2,1,826,6,3,948075,1,ENSMUSG00000016346,1,ENSMUSG00000016346,1,ENSMUSG00000016346,Kcnq2,1,2
Gabrb1_5_71857631_+,5,71815707,71857631,+,1,1,707,3,24,468636,0,ENSMUSG00000029212,1,ENSMUSG00000029212,1,ENSMUSG00000029212,Gabrb1,1,2
Gabrb1_5_71857631_+,5,71857439,71857631,+,1,1,8149,11,18,468981,1,ENSMUSG00000029212,1,ENSMUSG00000029212,1,ENSMUSG00000029212,Gabrb1,1,2
Kcnt1_2_25778080_+,2,25754075,25778080,+,1,1,520,2,20,157076,0,ENSMUSG00000058740,1,ENSMUSG00000058740,1,ENSMUSG00000058740,Kcnt1,1,3
Kcnt1_2_25778080_+,2,25768048,25778080,+,1,1,721,2,25,157156,1,ENSMUSG00000058740,1,ENSMUSG00000058740,1,ENSMUSG00000058740,Kcnt1,1,3
Kcnt1_2_25778080_+,2,25772250,25778080,+,1,1,135,0,23,157183,1,ENSMUSG00000058740,1,ENSMUSG00000058740,1,ENSMUSG00000058740,Kcnt1,1,3
Kcnma1_14_23436422_-,14,23436422,23482300,-,2,1,207,1,9,134522,1,ENSMUSG00000063142,1,ENSMUSG00000063142,1,ENSMUSG00000063142,Kcnma1,1,3
Kcnma1_14_23436422_-,14,23436422,23486017,-,2,1,1224,0,20,134525,1,ENSMUSG00000063142,1,ENSMUSG00000063142,1,ENSMUSG00000063142,Kcnma1,1,3
Kcnma1_14_23436422_-,14,23436422,23492060,-,2,1,74,2,8,134526,1,ENSMUSG00000063142,1,ENSMUSG00000063142,1,ENSMUSG00000063142,Kcnma1,1,3
Kcnn2_18_45816137_+,18,45810132,45816137,+,1,1,3700,1,17,305187,1,ENSMUSG00000054477,1,ENSMUSG00000054477,1,ENSMUSG00000054477,Kcnn2,1,3
Kcnn2_18_45816137_+,18,45811866,45816137,+,1,0,365,1,25,305209,2,,1,ENSMUSG00000054477,1,ENSMUSG00000054477,Kcnn2,1,3
Kcnn2_18_45816137_+,18,45813549,45816137,+,1,0,2348,0,20,305217,2,,1,ENSMUSG00000054477,1,ENSMUSG00000054477,Kcnn2,1,3
Kcnc2_10_112294394_+,10,112292441,112294394,+,1,1,7743,12,23,740731,1,ENSMUSG00000035681,1,ENSMUSG00000035681,1,ENSMUSG00000035681,Kcnc2,1,2
Kcnc2_10_112294394_+,10,112292938,112294394,+,1,1,826,0,22,740745,0,ENSMUSG00000035681,1,ENSMUSG00000035681,1,ENSMUSG00000035681,Kcnc2,1,2
Grin2b_6_136148881_-,6,136148881,136148978,-,2,0,753,0,23,865092,1,ENSMUSG00000030209,2,,1,ENSMUSG00000030209,Grin2b,1,8
Grin2b_6_136148881_-,6,136148881,136149033,-,2,0,29885,10,25,865093,1,ENSMUSG00000030209,2,,1,ENSMUSG00000030209,Grin2b,1,8
Grin2b_6_136148881_-,6,136148881,136149136,-,2,0,2579,0,25,865094,1,ENSMUSG00000030209,2,,1,ENSMUSG00000030209,Grin2b,1,8
Grin2b_6_136148881_-,6,136148881,136149265,-,2,0,15357,338,7,865097,1,ENSMUSG00000030209,2,,1,ENSMUSG00000030209,Grin2b,1,8
Grin2b_6_136148881_-,6,136148881,136149490,-,2,0,4474,1,17,865101,1,ENSMUSG00000030209,2,,1,ENSMUSG00000030209,Grin2b,1,8
Grin2b_6_136148881_-,6,136148881,136149862,-,2,1,126024,1259,23,865106,1,ENSMUSG00000030209,1,ENSMUSG00000030209,1,ENSMUSG00000030209,Grin2b,1,8
Grin2b_6_136148881_-,6,136148881,136150327,-,2,1,349,38,19,865107,1,ENSMUSG00000030209,0,ENSMUSG00000030209,1,ENSMUSG00000030209,Grin2b,1,8
Grin2b_6_136148881_-,6,136148881,136150470,-,2,1,5185,237,25,865108,1,ENSMUSG00000030209,0,ENSMUSG00000030209,1,ENSMUSG00000030209,Grin2b,1,8
Itpr1_6_108415260_+,6,108394962,108415260,+,1,1,164,1,23,715783,1,ENSMUSG00000030102,1,ENSMUSG00000030102,1,ENSMUSG00000030102,Itpr1,1,2
Itpr1_6_108415260_+,6,108409658,108415260,+,1,1,657,1,8,715916,1,ENSMUSG00000030102,1,ENSMUSG00000030102,1,ENSMUSG00000030102,Itpr1,1,2
Gria1_11_57201433_+,11,57180322,57201433,+,1,1,2237,25,8,374102,1,ENSMUSG00000020524,1,ENSMUSG00000020524,1,ENSMUSG00000020524,Gria1,1,2
Gria1_11_57201433_+,11,57200710,57201433,+,1,1,329,4,3,374287,0,ENSMUSG00000020524,1,ENSMUSG00000020524,1,ENSMUSG00000020524,Gria1,1,2
Itpr1_6_108408421_+,6,108394962,108408421,+,1,1,111,0,23,715782,1,ENSMUSG00000030102,1,ENSMUSG00000030102,1,ENSMUSG00000030102,Itpr1,1,2
Itpr1_6_108408421_+,6,108400327,108408421,+,1,1,395,0,13,715827,1,ENSMUSG00000030102,1,ENSMUSG00000030102,1,ENSMUSG00000030102,Itpr1,1,2
Gabra4_5_71799670_-,5,71799670,71814435,-,2,1,442,1,21,468484,1,ENSMUSG00000029211,1,ENSMUSG00000029211,1,ENSMUSG00000029211,Gabra4,1,2
Gabra4_5_71799670_-,5,71799670,71814513,-,2,1,7106,1,21,468486,1,ENSMUSG00000029211,0,ENSMUSG00000029211,1,ENSMUSG00000029211,Gabra4,1,2
Gabrg2_11_41811378_-,11,41811378,41854924,-,2,0,124,4,22,277533,1,ENSMUSG00000020436,2,,1,ENSMUSG00000020436,Gabrg2,1,2
Gabrg2_11_41811378_-,11,41811378,41858360,-,2,1,28241,301,25,277534,1,ENSMUSG00000020436,1,ENSMUSG00000020436,1,ENSMUSG00000020436,Gabrg2,1,2
Grik1_16_87693240_-,16,87693240,87693576,-,2,0,1738,22,5,583119,1,ENSMUSG00000022935,2,,1,ENSMUSG00000022935,Grik1,1,4
Grik1_16_87693240_-,16,87693240,87693696,-,2,1,2443,42,15,583120,1,ENSMUSG00000022935,1,ENSMUSG00000022935,1,ENSMUSG00000022935,Grik1,1,4
Grik1_16_87693240_-,16,87693240,87711041,-,2,1,13199,43,12,583123,1,ENSMUSG00000022935,1,ENSMUSG00000022935,1,ENSMUSG00000022935,Grik1,1,4
Grik1_16_87693240_-,16,87693240,87719964,-,2,1,970,1,19,583124,1,ENSMUSG00000022935,1,ENSMUSG00000022935,1,ENSMUSG00000022935,Grik1,1,4
Ryr2_13_11905735_-,13,11905735,11918103,-,2,1,662,0,15,71463,1,ENSMUSG00000021313,1,ENSMUSG00000021313,1,ENSMUSG00000021313,Ryr2,1,2
Ryr2_13_11905735_-,13,11905735,11933196,-,2,1,2102,0,15,71465,1,ENSMUSG00000021313,1,ENSMUSG00000021313,1,ENSMUSG00000021313,Ryr2,1,2
Gria2_3_80598742_-,3,80598742,80599009,-,2,1,539,2,22,534341,1,ENSMUSG00000033981,0,ENSMUSG00000033981,1,ENSMUSG00000033981,Gria2,1,2
Gria2_3_80598742_-,3,80598742,80599591,-,2,1,7309,70,25,534343,1,ENSMUSG00000033981,1,ENSMUSG00000033981,1,ENSMUSG00000033981,Gria2,1,2
Gria4_9_4420317_-,9,4420317,4424206,-,2,0,559,0,14,17253,1,ENSMUSG00000025892,2,,1,ENSMUSG00000025892,Gria4,1,2
Gria4_9_4420317_-,9,4420317,4424319,-,2,1,1128,4,11,17257,1,ENSMUSG00000025892,1,ENSMUSG00000025892,1,ENSMUSG00000025892,Gria4,1,2
Kcnma1_14_23381039_-,14,23381039,23386107,-,2,1,2045,0,23,134118,1,ENSMUSG00000063142,0,ENSMUSG00000063142,1,ENSMUSG00000063142,Kcnma1,1,2
Kcnma1_14_23381039_-,14,23381039,23387012,-,2,1,165,0,15,134120,1,ENSMUSG00000063142,1,ENSMUSG00000063142,1,ENSMUSG00000063142,Kcnma1,1,2
Trpm3_19_22674785_+,19,22116666,22674785,+,1,1,95,0,21,127846,0,ENSMUSG00000052387,1,ENSMUSG00000052387,1,ENSMUSG00000052387,Trpm3,1,2
Trpm3_19_22674785_+,19,22425824,22674785,+,1,1,274,0,24,129436,1,ENSMUSG00000052387,1,ENSMUSG00000052387,1,ENSMUSG00000052387,Trpm3,1,2
Gria2_3_80596022_-,3,80596022,80596188,-,2,0,627,0,18,534281,1,ENSMUSG00000033981,2,,1,ENSMUSG00000033981,Gria2,1,3
Gria2_3_80596022_-,3,80596022,80596409,-,2,1,15549,4,24,534284,1,ENSMUSG00000033981,1,ENSMUSG00000033981,1,ENSMUSG00000033981,Gria2,1,3
Gria2_3_80596022_-,3,80596022,80596523,-,2,0,2322,6,12,534286,1,ENSMUSG00000033981,2,,1,ENSMUSG00000033981,Gria2,1,3
Scn1a_2_66153789_-,2,66153789,66154914,-,2,1,650,0,22,430437,1,ENSMUSG00000064329,1,ENSMUSG00000064329,1,ENSMUSG00000064329,Scn1a,1,2
Scn1a_2_66153789_-,2,66153789,66154947,-,2,1,4730,0,24,430438,1,ENSMUSG00000064329,0,ENSMUSG00000064329,1,ENSMUSG00000064329,Scn1a,1,2
Gria3_X_40758377_+,X,40743131,40758377,+,1,1,2957,46,22,270109,1,ENSMUSG00000001986,1,ENSMUSG00000001986,1,ENSMUSG00000001986,Gria3,1,4
Gria3_X_40758377_+,X,40743802,40758377,+,1,1,327,9,7,270127,0,ENSMUSG00000001986,1,ENSMUSG00000001986,1,ENSMUSG00000001986,Gria3,1,4
Gria3_X_40758377_+,X,40749017,40758377,+,1,0,95,0,21,270185,2,,1,ENSMUSG00000001986,1,ENSMUSG00000001986,Gria3,1,4
Gria3_X_40758377_+,X,40749698,40758377,+,1,0,177,0,20,270198,2,,1,ENSMUSG00000001986,1,ENSMUSG00000001986,Gria3,1,4
Cacna1a_8_85363140_+,8,85360393,85363140,+,1,1,383,3,19,566587,1,ENSMUSG00000034656,1,ENSMUSG00000034656,1,ENSMUSG00000034656,Cacna1a,1,2
Cacna1a_8_85363140_+,8,85362214,85363140,+,1,1,1367,3,14,566611,1,ENSMUSG00000034656,1,ENSMUSG00000034656,1,ENSMUSG00000034656,Cacna1a,1,2
Grin2b_6_136149936_-,6,136149936,136150327,-,2,1,4299,48,22,865137,0,ENSMUSG00000030209,0,ENSMUSG00000030209,1,ENSMUSG00000030209,Grin2b,1,3
Grin2b_6_136149936_-,6,136149936,136150470,-,2,1,14710,421,25,865138,0,ENSMUSG00000030209,0,ENSMUSG00000030209,1,ENSMUSG00000030209,Grin2b,1,3
Grin2b_6_136149936_-,6,136149936,136150865,-,2,0,1327,23,4,865143,0,ENSMUSG00000030209,2,,1,ENSMUSG00000030209,Grin2b,1,3
Scn1a_2_66119500_-,2,66119500,66124175,-,2,1,333,0,25,430224,1,ENSMUSG00000064329,0,ENSMUSG00000064329,1,ENSMUSG00000064329,Scn1a,1,2
Scn1a_2_66119500_-,2,66119500,66127096,-,2,1,4314,1,25,430225,1,ENSMUSG00000064329,1,ENSMUSG00000064329,1,ENSMUSG00000064329,Scn1a,1,2
Asic1_15_99569664_+,15,99568776,99569664,+,1,1,1305,1,7,659512,0,ENSMUSG00000023017,0,ENSMUSG00000023017,1,ENSMUSG00000023017,Asic1,1,2
Asic1_15_99569664_+,15,99569134,99569664,+,1,0,237,0,18,659514,2,,0,ENSMUSG00000023017,1,ENSMUSG00000023017,Asic1,1,2
Gria4_9_4424455_-,9,4424455,4427029,-,2,1,219,3,23,17280,1,ENSMUSG00000025892,0,ENSMUSG00000025892,1,ENSMUSG00000025892,Gria4,1,2
Gria4_9_4424455_-,9,4424455,4432772,-,2,1,943,58,14,17281,1,ENSMUSG00000025892,1,ENSMUSG00000025892,1,ENSMUSG00000025892,Gria4,1,2
Cacna1a_8_85189314_+,8,85083755,85189314,+,1,1,163,0,23,564823,1,ENSMUSG00000034656,1,ENSMUSG00000034656,1,ENSMUSG00000034656,Cacna1a,1,2
Cacna1a_8_85189314_+,8,85188225,85189314,+,1,1,4597,5,23,565310,1,ENSMUSG00000034656,1,ENSMUSG00000034656,1,ENSMUSG00000034656,Cacna1a,1,2
Kcnd3_3_105575395_+,3,105572863,105575395,+,1,1,425,0,17,696411,1,ENSMUSG00000040896,1,ENSMUSG00000040896,1,ENSMUSG00000040896,Kcnd3,1,2
Kcnd3_3_105575395_+,3,105574335,105575395,+,1,1,381,1,3,696414,1,ENSMUSG00000040896,1,ENSMUSG00000040896,1,ENSMUSG00000040896,Kcnd3,1,2
Kcns3_12_11169950_-,12,11169950,11178388,-,2,0,430,1,21,67860,1,ENSMUSG00000043673,2,,1,ENSMUSG00000043673,Kcns3,1,5
Kcns3_12_11169950_-,12,11169950,11199514,-,2,0,178,2,25,67865,1,ENSMUSG00000043673,2,,1,ENSMUSG00000043673,Kcns3,1,5
Kcns3_12_11169950_-,12,11169950,11200185,-,2,1,710,21,11,67867,1,ENSMUSG00000043673,1,ENSMUSG00000043673,1,ENSMUSG00000043673,Kcns3,1,5
Kcns3_12_11169950_-,12,11169950,11200717,-,2,1,101,6,12,67868,1,ENSMUSG00000043673,0,ENSMUSG00000043673,1,ENSMUSG00000043673,Kcns3,1,5
Kcns3_12_11169950_-,12,11169950,11200952,-,2,1,3132,31,20,67869,1,ENSMUSG00000043673,0,ENSMUSG00000043673,1,ENSMUSG00000043673,Kcns3,1,5
Cacna1d_14_29864675_-,14,29864675,29893252,-,2,1,582,0,16,185513,1,ENSMUSG00000015968,1,ENSMUSG00000015968,1,ENSMUSG00000015968,Cacna1d,1,2
Cacna1d_14_29864675_-,14,29864675,29893912,-,2,1,685,1,17,185514,1,ENSMUSG00000015968,0,ENSMUSG00000015968,1,ENSMUSG00000015968,Cacna1d,1,2
Kcnc2_10_112107591_+,10,112105392,112107591,+,1,0,132,0,25,739907,2,,1,ENSMUSG00000035681,1,ENSMUSG00000035681,Kcnc2,1,6
Kcnc2_10_112107591_+,10,112105713,112107591,+,1,0,206,0,21,739912,2,,1,ENSMUSG00000035681,1,ENSMUSG00000035681,Kcnc2,1,6
Kcnc2_10_112107591_+,10,112106454,112107591,+,1,0,6240,5,15,739922,2,,1,ENSMUSG00000035681,1,ENSMUSG00000035681,Kcnc2,1,6
Kcnc2_10_112107591_+,10,112106900,112107591,+,1,0,616,2,25,739924,2,,1,ENSMUSG00000035681,1,ENSMUSG00000035681,Kcnc2,1,6
Kcnc2_10_112107591_+,10,112107007,112107591,+,1,0,51,0,19,739926,2,,1,ENSMUSG00000035681,1,ENSMUSG00000035681,Kcnc2,1,6
Kcnc2_10_112107591_+,10,112107073,112107591,+,1,1,394,1,25,739927,1,ENSMUSG00000035681,1,ENSMUSG00000035681,1,ENSMUSG00000035681,Kcnc2,1,6
Gria4_9_4519540_-,9,4519540,4537634,-,2,1,19484,2,22,18370,1,ENSMUSG00000025892,1,ENSMUSG00000025892,1,ENSMUSG00000025892,Gria4,1,2
Gria4_9_4519540_-,9,4519540,4664767,-,2,1,254,0,20,18371,1,ENSMUSG00000025892,1,ENSMUSG00000025892,1,ENSMUSG00000025892,Gria4,1,2
Grik1_16_87747030_-,16,87747030,87752176,-,2,1,7329,95,20,583743,1,ENSMUSG00000022935,1,ENSMUSG00000022935,1,ENSMUSG00000022935,Grik1,1,2
Grik1_16_87747030_-,16,87747030,87754377,-,2,1,4591,91,23,583746,1,ENSMUSG00000022935,1,ENSMUSG00000022935,1,ENSMUSG00000022935,Grik1,1,2
Grin2a_16_9810416_-,16,9810416,9811251,-,2,0,334,0,17,59475,1,ENSMUSG00000059003,2,,1,ENSMUSG00000059003,Grin2a,1,2
Grin2a_16_9810416_-,16,9810416,9811922,-,2,1,6828,194,19,59477,1,ENSMUSG00000059003,1,ENSMUSG00000059003,1,ENSMUSG00000059003,Grin2a,1,2
Cacna1e_1_154348460_-,1,154348460,154349602,-,2,1,109,0,7,914403,1,ENSMUSG00000004110,1,ENSMUSG00000004110,1,ENSMUSG00000004110,Cacna1e,1,2
Cacna1e_1_154348460_-,1,154348460,154353511,-,2,1,498,0,7,914404,1,ENSMUSG00000004110,1,ENSMUSG00000004110,1,ENSMUSG00000004110,Cacna1e,1,2
Grin1_2_25185950_-,2,25185950,25186036,-,2,1,8236,1,20,151975,1,ENSMUSG00000026959,1,ENSMUSG00000026959,1,ENSMUSG00000026959,Grin1,1,2
Grin1_2_25185950_-,2,25185950,25186559,-,2,1,91,0,13,151976,1,ENSMUSG00000026959,1,ENSMUSG00000026959,1,ENSMUSG00000026959,Grin1,1,2
Gabra2_5_71251962_-,5,71251962,71252303,-,2,1,282,1,14,465620,1,ENSMUSG00000000560,0,ENSMUSG00000000560,1,ENSMUSG00000000560,Gabra2,1,3
Gabra2_5_71251962_-,5,71251962,71252408,-,2,0,174,1,25,465621,1,ENSMUSG00000000560,2,,1,ENSMUSG00000000560,Gabra2,1,3
Gabra2_5_71251962_-,5,71251962,71252917,-,2,1,6276,33,18,465623,1,ENSMUSG00000000560,1,ENSMUSG00000000560,1,ENSMUSG00000000560,Gabra2,1,3
Htr3a_9_48817693_-,9,48817693,48818653,-,2,1,11134,15,24,323883,1,ENSMUSG00000032269,1,ENSMUSG00000032269,1,ENSMUSG00000032269,Htr3a,1,2
Htr3a_9_48817693_-,9,48817693,48819894,-,2,1,918,2,25,323884,1,ENSMUSG00000032269,1,ENSMUSG00000032269,1,ENSMUSG00000032269,Htr3a,1,2
Gabra1_11_42070476_-,11,42070476,42070920,-,2,0,85,0,11,279005,1,ENSMUSG00000010803,2,,1,ENSMUSG00000010803,Gabra1,1,3
Gabra1_11_42070476_-,11,42070476,42072868,-,2,1,614,6,3,279010,1,ENSMUSG00000010803,0,ENSMUSG00000010803,1,ENSMUSG00000010803,Gabra1,1,3
Gabra1_11_42070476_-,11,42070476,42072992,-,2,1,28622,1466,25,279011,1,ENSMUSG00000010803,1,ENSMUSG00000010803,1,ENSMUSG00000010803,Gabra1,1,3
Gabrb3_7_57241228_+,7,57240397,57241228,+,1,1,431,3,20,374601,0,ENSMUSG00000033676,1,ENSMUSG00000033676,1,ENSMUSG00000033676,Gabrb3,1,2
Gabrb3_7_57241228_+,7,57241104,57241228,+,1,1,5846,37,22,374606,0,ENSMUSG00000033676,1,ENSMUSG00000033676,1,ENSMUSG00000033676,Gabrb3,1,2
Grin1_2_25182497_-,2,25182497,25184449,-,2,1,222,0,16,151943,1,ENSMUSG00000026959,1,ENSMUSG00000026959,1,ENSMUSG00000026959,Grin1,1,2
Grin1_2_25182497_-,2,25182497,25185803,-,2,1,441,0,21,151944,1,ENSMUSG00000026959,1,ENSMUSG00000026959,1,ENSMUSG00000026959,Grin1,1,2
Kcnc3_7_44244584_+,7,44236891,44244584,+,1,0,79,0,22,292001,2,,1,ENSMUSG00000062785,1,ENSMUSG00000062785,Kcnc3,1,3
Kcnc3_7_44244584_+,7,44241183,44244584,+,1,1,1684,2,25,292051,1,ENSMUSG00000062785,1,ENSMUSG00000062785,1,ENSMUSG00000062785,Kcnc3,1,3
Kcnc3_7_44244584_+,7,44243565,44244584,+,1,1,97,0,5,292074,0,ENSMUSG00000062785,1,ENSMUSG00000062785,1,ENSMUSG00000062785,Kcnc3,1,3
Kcnt2_1_140511756_+,1,140502596,140511756,+,1,1,929,10,8,879623,1,ENSMUSG00000052726,1,ENSMUSG00000052726,1,ENSMUSG00000052726,Kcnt2,1,2
Kcnt2_1_140511756_+,1,140506214,140511756,+,1,1,710,0,17,879658,0,ENSMUSG00000052726,1,ENSMUSG00000052726,1,ENSMUSG00000052726,Kcnt2,1,2
Itpr2_6_146320015_-,6,146320015,146322915,-,2,1,207,0,9,895316,1,ENSMUSG00000030287,0,ENSMUSG00000030287,1,ENSMUSG00000030287,Itpr2,1,2
Itpr2_6_146320015_-,6,146320015,146324203,-,2,1,231,0,25,895317,1,ENSMUSG00000030287,1,ENSMUSG00000030287,1,ENSMUSG00000030287,Itpr2,1,2
Kcnt1_2_25799216_+,2,25798169,25799216,+,1,1,2227,1,24,157456,1,ENSMUSG00000058740,1,ENSMUSG00000058740,1,ENSMUSG00000058740,Kcnt1,1,2
Kcnt1_2_25799216_+,2,25798342,25799216,+,1,0,191,1,25,157459,2,,1,ENSMUSG00000058740,1,ENSMUSG00000058740,Kcnt1,1,2
Kcna6_6_126685671_-,6,126685671,126689522,-,2,0,94,4,3,824684,1,ENSMUSG00000038077,2,,1,ENSMUSG00000038077,Kcna6,1,5
Kcna6_6_126685671_-,6,126685671,126689548,-,2,0,917,4,20,824685,1,ENSMUSG00000038077,2,,1,ENSMUSG00000038077,Kcna6,1,5
Kcna6_6_126685671_-,6,126685671,126704442,-,2,1,386,1,13,824690,1,ENSMUSG00000038077,0,ENSMUSG00000038077,1,ENSMUSG00000038077,Kcna6,1,5
Kcna6_6_126685671_-,6,126685671,126712177,-,2,1,7007,77,25,824692,1,ENSMUSG00000038077,1,ENSMUSG00000038077,1,ENSMUSG00000038077,Kcna6,1,5
Kcna6_6_126685671_-,6,126685671,126714243,-,2,0,270,1,22,824693,1,ENSMUSG00000038077,2,,1,ENSMUSG00000038077,Kcna6,1,5
Gabra2_5_71170127_-,5,71170127,71171758,-,2,1,1999,1,17,464905,1,ENSMUSG00000000560,1,ENSMUSG00000000560,1,ENSMUSG00000000560,Gabra2,1,2
Gabra2_5_71170127_-,5,71170127,71192072,-,2,1,551,0,12,464906,1,ENSMUSG00000000560,1,ENSMUSG00000000560,1,ENSMUSG00000000560,Gabra2,1,2
Grik2_10_48977369_-,10,48977369,48979605,-,2,1,229,13,17,324515,1,ENSMUSG00000056073,0,ENSMUSG00000056073,1,ENSMUSG00000056073,Grik2,1,3
Grik2_10_48977369_-,10,48977369,48981074,-,2,1,180,0,20,324516,1,ENSMUSG00000056073,0,ENSMUSG00000056073,1,ENSMUSG00000056073,Grik2,1,3
Grik2_10_48977369_-,10,48977369,48989465,-,2,1,4967,329,20,324517,1,ENSMUSG00000056073,1,ENSMUSG00000056073,1,ENSMUSG00000056073,Grik2,1,3
Gria4_9_4513382_-,9,4513382,4518808,-,2,0,100,0,23,18297,1,ENSMUSG00000025892,2,,1,ENSMUSG00000025892,Gria4,1,2
Gria4_9_4513382_-,9,4513382,4519485,-,2,1,15931,7,23,18298,1,ENSMUSG00000025892,1,ENSMUSG00000025892,1,ENSMUSG00000025892,Gria4,1,2
Kcnt2_1_140352930_+,1,140310834,140352930,+,1,1,3510,1,25,878615,1,ENSMUSG00000052726,1,ENSMUSG00000052726,1,ENSMUSG00000052726,Kcnt2,1,2
Kcnt2_1_140352930_+,1,140311073,140352930,+,1,0,219,2,19,878620,2,,1,ENSMUSG00000052726,1,ENSMUSG00000052726,Kcnt2,1,2
Trpc6_9_8679468_+,9,8658379,8679468,+,1,1,306,17,25,51384,1,ENSMUSG00000031997,1,ENSMUSG00000031997,1,ENSMUSG00000031997,Trpc6,1,2
Trpc6_9_8679468_+,9,8678009,8679468,+,1,1,3649,123,6,51560,1,ENSMUSG00000031997,1,ENSMUSG00000031997,1,ENSMUSG00000031997,Trpc6,1,2
Gabra5_7_57158306_-,7,57158306,57158926,-,2,1,329,0,6,373983,0,ENSMUSG00000055078,0,ENSMUSG00000055078,1,ENSMUSG00000055078,Gabra5,1,2
Gabra5_7_57158306_-,7,57158306,57159487,-,2,1,201,0,16,373985,0,ENSMUSG00000055078,1,ENSMUSG00000055078,1,ENSMUSG00000055078,Gabra5,1,2
Grik2_10_49659642_-,10,49659642,49663894,-,2,0,696,0,10,328681,1,ENSMUSG00000056073,2,,1,ENSMUSG00000056073,Grik2,1,3
Grik2_10_49659642_-,10,49659642,49664304,-,2,0,327,0,19,328683,1,ENSMUSG00000056073,2,,1,ENSMUSG00000056073,Grik2,1,3
Grik2_10_49659642_-,10,49659642,49664723,-,2,1,6749,4,19,328684,1,ENSMUSG00000056073,1,ENSMUSG00000056073,1,ENSMUSG00000056073,Grik2,1,3
Grik1_16_87733004_-,16,87733004,87737425,-,2,1,9337,493,22,583548,1,ENSMUSG00000022935,1,ENSMUSG00000022935,1,ENSMUSG00000022935,Grik1,1,3
Grik1_16_87733004_-,16,87733004,87737605,-,2,0,123,0,23,583550,1,ENSMUSG00000022935,2,,1,ENSMUSG00000022935,Grik1,1,3
Grik1_16_87733004_-,16,87733004,87743432,-,2,1,706,127,20,583552,1,ENSMUSG00000022935,1,ENSMUSG00000022935,1,ENSMUSG00000022935,Grik1,1,3
Cacna1g_11_94302443_-,11,94302443,94303915,-,2,1,329,1,24,627376,1,ENSMUSG00000020866,1,ENSMUSG00000020866,1,ENSMUSG00000020866,Cacna1g,1,2
Cacna1g_11_94302443_-,11,94302443,94306568,-,2,1,837,0,14,627379,1,ENSMUSG00000020866,1,ENSMUSG00000020866,1,ENSMUSG00000020866,Cacna1g,1,2
Gabrb3_7_57438613_+,7,57415393,57438613,+,1,1,4812,45,18,376050,1,ENSMUSG00000033676,1,ENSMUSG00000033676,1,ENSMUSG00000033676,Gabrb3,1,2
Gabrb3_7_57438613_+,7,57415469,57438613,+,1,0,469,0,20,376055,2,,1,ENSMUSG00000033676,1,ENSMUSG00000033676,Gabrb3,1,2
Trpm7_2_126641284_-,2,126641284,126642208,-,2,1,248,0,15,824361,1,ENSMUSG00000027365,0,ENSMUSG00000027365,1,ENSMUSG00000027365,Trpm7,1,2
Trpm7_2_126641284_-,2,126641284,126643042,-,2,1,1072,0,19,824362,1,ENSMUSG00000027365,1,ENSMUSG00000027365,1,ENSMUSG00000027365,Trpm7,1,2
Gabra5_7_57157887_-,7,57157887,57158245,-,2,1,580,0,21,373967,1,ENSMUSG00000055078,0,ENSMUSG00000055078,1,ENSMUSG00000055078,Gabra5,1,3
Gabra5_7_57157887_-,7,57157887,57159487,-,2,1,131,0,7,373969,1,ENSMUSG00000055078,1,ENSMUSG00000055078,1,ENSMUSG00000055078,Gabra5,1,3
Gabra5_7_57157887_-,7,57157887,57159751,-,2,1,129,0,23,373970,1,ENSMUSG00000055078,0,ENSMUSG00000055078,1,ENSMUSG00000055078,Gabra5,1,3
Kcnn2_18_45788264_+,18,45694384,45788264,+,1,1,737,55,23,303973,1,ENSMUSG00000054477,1,ENSMUSG00000054477,1,ENSMUSG00000054477,Kcnn2,1,3
Kcnn2_18_45788264_+,18,45725492,45788264,+,1,1,8624,110,23,304277,1,ENSMUSG00000054477,1,ENSMUSG00000054477,1,ENSMUSG00000054477,Kcnn2,1,3
Kcnn2_18_45788264_+,18,45769412,45788264,+,1,0,146,25,25,304713,2,,1,ENSMUSG00000054477,1,ENSMUSG00000054477,Kcnn2,1,3
Gria1_11_56905979_+,11,56902942,56905979,+,1,1,26776,13,22,371156,1,ENSMUSG00000020524,1,ENSMUSG00000020524,1,ENSMUSG00000020524,Gria1,1,2
Gria1_11_56905979_+,11,56903909,56905979,+,1,0,391,6,22,371170,2,,1,ENSMUSG00000020524,1,ENSMUSG00000020524,Gria1,1,2
Htr3a_9_48811291_-,9,48811291,48811860,-,2,1,8758,11,25,323809,0,ENSMUSG00000032269,1,ENSMUSG00000032269,1,ENSMUSG00000032269,Htr3a,1,2
Htr3a_9_48811291_-,9,48811291,48812173,-,2,1,273,0,18,323810,0,ENSMUSG00000032269,1,ENSMUSG00000032269,1,ENSMUSG00000032269,Htr3a,1,2
Gria2_3_80609964_-,3,80609964,80614194,-,2,1,30448,8,24,534437,1,ENSMUSG00000033981,1,ENSMUSG00000033981,1,ENSMUSG00000033981,Gria2,1,2
Gria2_3_80609964_-,3,80609964,80614370,-,2,0,1841,0,13,534440,1,ENSMUSG00000033981,2,,1,ENSMUSG00000033981,Gria2,1,2
Scn8a_15_100834151_+,15,100768625,100834151,+,1,1,510,20,19,667699,0,ENSMUSG00000023033,1,ENSMUSG00000023033,1,ENSMUSG00000023033,Scn8a,1,2
Scn8a_15_100834151_+,15,100768950,100834151,+,1,1,381,0,18,667702,1,ENSMUSG00000023033,1,ENSMUSG00000023033,1,ENSMUSG00000023033,Scn8a,1,2
Gria4_9_4432888_-,9,4432888,4440865,-,2,0,391,25,22,17354,1,ENSMUSG00000025892,2,,1,ENSMUSG00000025892,Gria4,1,2
Gria4_9_4432888_-,9,4432888,4456004,-,2,1,456,37,13,17358,1,ENSMUSG00000025892,1,ENSMUSG00000025892,1,ENSMUSG00000025892,Gria4,1,2
Pkd2_5_104642758_+,5,104637281,104642758,+,1,1,1170,0,14,691023,1,ENSMUSG00000034462,1,ENSMUSG00000034462,1,ENSMUSG00000034462,Pkd2,1,2
Pkd2_5_104642758_+,5,104638631,104642758,+,1,1,223,0,22,691029,1,ENSMUSG00000034462,1,ENSMUSG00000034462,1,ENSMUSG00000034462,Pkd2,1,2
Asic1_15_99592574_+,15,99570945,99592574,+,1,1,2607,142,22,659553,0,ENSMUSG00000023017,1,ENSMUSG00000023017,1,ENSMUSG00000023017,Asic1,1,2
Asic1_15_99592574_+,15,99590909,99592574,+,1,1,106,2,22,659642,1,ENSMUSG00000023017,1,ENSMUSG00000023017,1,ENSMUSG00000023017,Asic1,1,2
Grin1_2_25182141_-,2,25182141,25184449,-,2,1,447,0,23,151936,0,ENSMUSG00000026959,1,ENSMUSG00000026959,1,ENSMUSG00000026959,Grin1,1,2
Grin1_2_25182141_-,2,25182141,25185803,-,2,1,3734,213,16,151939,0,ENSMUSG00000026959,1,ENSMUSG00000026959,1,ENSMUSG00000026959,Grin1,1,2
Kcna2_3_107010499_+,3,107008711,107010499,+,1,1,83,0,24,705911,0,ENSMUSG00000040724,1,ENSMUSG00000040724,1,ENSMUSG00000040724,Kcna2,1,3
Kcna2_3_107010499_+,3,107009076,107010499,+,1,1,704,0,22,705912,1,ENSMUSG00000040724,1,ENSMUSG00000040724,1,ENSMUSG00000040724,Kcna2,1,3
Kcna2_3_107010499_+,3,107010073,107010499,+,1,1,162,0,23,705918,0,ENSMUSG00000040724,1,ENSMUSG00000040724,1,ENSMUSG00000040724,Kcna2,1,3
Trpm7_2_126686395_-,2,126686395,126687993,-,2,1,4139,0,24,824703,1,ENSMUSG00000027365,1,ENSMUSG00000027365,1,ENSMUSG00000027365,Trpm7,1,2
Trpm7_2_126686395_-,2,126686395,126690416,-,2,1,277,0,6,824704,1,ENSMUSG00000027365,1,ENSMUSG00000027365,1,ENSMUSG00000027365,Trpm7,1,2
Gria1_11_57218268_+,11,57180322,57218268,+,1,1,192,5,3,374105,1,ENSMUSG00000020524,1,ENSMUSG00000020524,1,ENSMUSG00000020524,Gria1,1,5
Gria1_11_57218268_+,11,57208627,57218268,+,1,1,17298,491,22,374353,1,ENSMUSG00000020524,1,ENSMUSG00000020524,1,ENSMUSG00000020524,Gria1,1,5
Gria1_11_57218268_+,11,57209061,57218268,+,1,0,765,34,24,374363,2,,1,ENSMUSG00000020524,1,ENSMUSG00000020524,Gria1,1,5
Gria1_11_57218268_+,11,57215278,57218268,+,1,0,123,2,13,374493,2,,1,ENSMUSG00000020524,1,ENSMUSG00000020524,Gria1,1,5
Gria1_11_57218268_+,11,57218023,57218268,+,1,0,219,0,5,374505,2,,1,ENSMUSG00000020524,1,ENSMUSG00000020524,Gria1,1,5
Grik2_10_49116893_-,10,49116893,49118485,-,2,0,76,0,9,325308,1,ENSMUSG00000056073,2,,1,ENSMUSG00000056073,Grik2,1,3
Grik2_10_49116893_-,10,49116893,49120420,-,2,1,3235,4,24,325310,1,ENSMUSG00000056073,1,ENSMUSG00000056073,1,ENSMUSG00000056073,Grik2,1,3
Grik2_10_49116893_-,10,49116893,49148835,-,2,1,104,0,22,325313,1,ENSMUSG00000056073,1,ENSMUSG00000056073,1,ENSMUSG00000056073,Grik2,1,3
Scn8a_15_100927458_+,15,100916406,100927458,+,1,1,72,0,25,668871,1,ENSMUSG00000023033,1,ENSMUSG00000023033,1,ENSMUSG00000023033,Scn8a,1,2
Scn8a_15_100927458_+,15,100922265,100927458,+,1,1,1784,11,25,668963,1,ENSMUSG00000023033,1,ENSMUSG00000023033,1,ENSMUSG00000023033,Scn8a,1,2
Gria2_3_80597826_-,3,80597826,80598626,-,2,1,719,6,22,534332,0,ENSMUSG00000033981,1,ENSMUSG00000033981,1,ENSMUSG00000033981,Gria2,1,2
Gria2_3_80597826_-,3,80597826,80599591,-,2,1,2433,6,21,534335,0,ENSMUSG00000033981,1,ENSMUSG00000033981,1,ENSMUSG00000033981,Gria2,1,2
Cacna1e_1_154601667_-,1,154601667,154602636,-,2,0,85,0,8,914967,0,ENSMUSG00000004110,2,,1,ENSMUSG00000004110,Cacna1e,1,2
Cacna1e_1_154601667_-,1,154601667,154674993,-,2,1,189,0,18,914968,0,ENSMUSG00000004110,0,ENSMUSG00000004110,1,ENSMUSG00000004110,Cacna1e,1,2
Gria2_3_80648506_-,3,80648506,80708666,-,2,0,106,0,24,534833,1,ENSMUSG00000033981,2,,1,ENSMUSG00000033981,Gria2,1,2
Gria2_3_80648506_-,3,80648506,80708951,-,2,1,71342,10,25,534834,1,ENSMUSG00000033981,1,ENSMUSG00000033981,1,ENSMUSG00000033981,Gria2,1,2
Gria1_11_57111843_+,11,57092006,57111843,+,1,1,294,0,23,373643,1,ENSMUSG00000020524,1,ENSMUSG00000020524,1,ENSMUSG00000020524,Gria1,1,2
Gria1_11_57111843_+,11,57108760,57111843,+,1,1,24846,25,25,373707,1,ENSMUSG00000020524,1,ENSMUSG00000020524,1,ENSMUSG00000020524,Gria1,1,2
Kcnt1_2_25805790_+,2,25801369,25805790,+,1,1,333,1,21,157533,1,ENSMUSG00000058740,1,ENSMUSG00000058740,1,ENSMUSG00000058740,Kcnt1,1,2
Kcnt1_2_25805790_+,2,25802730,25805790,+,1,1,7890,10,25,157543,1,ENSMUSG00000058740,1,ENSMUSG00000058740,1,ENSMUSG00000058740,Kcnt1,1,2
Gabra2_5_71165410_-,5,71165410,71170043,-,2,1,2543,3,20,464887,1,ENSMUSG00000000560,1,ENSMUSG00000000560,1,ENSMUSG00000000560,Gabra2,1,2
Gabra2_5_71165410_-,5,71165410,71192072,-,2,1,425,0,22,464889,1,ENSMUSG00000000560,1,ENSMUSG00000000560,1,ENSMUSG00000000560,Gabra2,1,2
Kcnn2_18_45810003_+,18,45803396,45810003,+,1,1,7231,2,23,305108,1,ENSMUSG00000054477,1,ENSMUSG00000054477,1,ENSMUSG00000054477,Kcnn2,1,2
Kcnn2_18_45810003_+,18,45808431,45810003,+,1,0,145,1,19,305159,2,,1,ENSMUSG00000054477,1,ENSMUSG00000054477,Kcnn2,1,2
Trpc3_3_36678570_-,3,36678570,36688523,-,2,1,636,0,22,244969,1,ENSMUSG00000027716,1,ENSMUSG00000027716,1,ENSMUSG00000027716,Trpc3,1,2
Trpc3_3_36678570_-,3,36678570,36692560,-,2,1,151,0,25,244970,1,ENSMUSG00000027716,1,ENSMUSG00000027716,1,ENSMUSG00000027716,Trpc3,1,2
Gria4_9_4795364_-,9,4795364,4795665,-,2,0,130,0,20,21395,1,ENSMUSG00000025892,2,,1,ENSMUSG00000025892,Gria4,1,2
Gria4_9_4795364_-,9,4795364,4795844,-,2,1,18836,11,22,21397,1,ENSMUSG00000025892,1,ENSMUSG00000025892,1,ENSMUSG00000025892,Gria4,1,2
Grid1_14_34748701_+,14,34544666,34748701,+,1,1,94,0,12,226342,1,ENSMUSG00000041078,1,ENSMUSG00000041078,1,ENSMUSG00000041078,Grid1,1,2
Grid1_14_34748701_+,14,34667995,34748701,+,1,1,1434,1,17,227858,1,ENSMUSG00000041078,1,ENSMUSG00000041078,1,ENSMUSG00000041078,Grid1,1,2
Kcnh7_2_62667625_-,2,62667625,62675658,-,2,0,305,0,24,411255,1,ENSMUSG00000059742,2,,1,ENSMUSG00000059742,Kcnh7,1,3
Kcnh7_2_62667625_-,2,62667625,62676097,-,2,1,2572,63,11,411256,1,ENSMUSG00000059742,1,ENSMUSG00000059742,1,ENSMUSG00000059742,Kcnh7,1,3
Kcnh7_2_62667625_-,2,62667625,62680693,-,2,1,264,8,22,411257,1,ENSMUSG00000059742,1,ENSMUSG00000059742,1,ENSMUSG00000059742,Kcnh7,1,3
Kcnma1_14_23350111_-,14,23350111,23356792,-,2,1,330,0,24,133975,1,ENSMUSG00000063142,0,ENSMUSG00000063142,1,ENSMUSG00000063142,Kcnma1,1,2
Kcnma1_14_23350111_-,14,23350111,23359107,-,2,1,912,3,5,133978,1,ENSMUSG00000063142,1,ENSMUSG00000063142,1,ENSMUSG00000063142,Kcnma1,1,2
Kcnc1_7_46076769_+,7,46047672,46076769,+,1,1,39011,45,20,307433,1,ENSMUSG00000058975,1,ENSMUSG00000058975,1,ENSMUSG00000058975,Kcnc1,1,2
Kcnc1_7_46076769_+,7,46047754,46076769,+,1,0,147,0,10,307436,2,,1,ENSMUSG00000058975,1,ENSMUSG00000058975,Kcnc1,1,2
Mcoln1_8_3560319_+,8,3558781,3560319,+,1,1,78,0,17,7825,1,ENSMUSG00000004567,1,ENSMUSG00000004567,1,ENSMUSG00000004567,Mcoln1,1,2
Mcoln1_8_3560319_+,8,3559236,3560319,+,1,1,8461,2,18,7831,1,ENSMUSG00000004567,1,ENSMUSG00000004567,1,ENSMUSG00000004567,Mcoln1,1,2
Kcnn2_18_45803284_+,18,45725492,45803284,+,1,1,191,0,22,304278,1,ENSMUSG00000054477,1,ENSMUSG00000054477,1,ENSMUSG00000054477,Kcnn2,1,2
Kcnn2_18_45803284_+,18,45788407,45803284,+,1,1,10351,6,24,304952,1,ENSMUSG00000054477,1,ENSMUSG00000054477,1,ENSMUSG00000054477,Kcnn2,1,2
Kcnu1_8_26401987_+,8,26401757,26401987,+,1,0,105,0,16,162223,2,,0,ENSMUSG00000031576,1,ENSMUSG00000031576,Kcnu1,1,2
Kcnu1_8_26401987_+,8,26401778,26401987,+,1,1,192,0,14,162226,0,ENSMUSG00000031576,0,ENSMUSG00000031576,1,ENSMUSG00000031576,Kcnu1,1,2
Kcnma1_14_23350114_-,14,23350114,23356792,-,2,1,373,0,8,133983,0,ENSMUSG00000063142,0,ENSMUSG00000063142,1,ENSMUSG00000063142,Kcnma1,1,2
Kcnma1_14_23350114_-,14,23350114,23359107,-,2,1,977,0,19,133985,0,ENSMUSG00000063142,1,ENSMUSG00000063142,1,ENSMUSG00000063142,Kcnma1,1,2
Mcoln1_8_3560539_+,8,3560427,3560539,+,1,1,5690,0,20,7846,1,ENSMUSG00000004567,1,ENSMUSG00000004567,1,ENSMUSG00000004567,Mcoln1,1,2
Mcoln1_8_3560539_+,8,3560453,3560539,+,1,0,387,0,16,7849,2,,1,ENSMUSG00000004567,1,ENSMUSG00000004567,Mcoln1,1,2
Kcnma1_14_23559969_-,14,23559969,23576603,-,2,1,120,17,25,134984,1,ENSMUSG00000063142,0,ENSMUSG00000063142,1,ENSMUSG00000063142,Kcnma1,1,2
Kcnma1_14_23559969_-,14,23559969,23576792,-,2,1,6498,499,25,134985,1,ENSMUSG00000063142,1,ENSMUSG00000063142,1,ENSMUSG00000063142,Kcnma1,1,2
Gria4_9_4793969_-,9,4793969,4795186,-,2,1,28204,183,25,21363,1,ENSMUSG00000025892,1,ENSMUSG00000025892,1,ENSMUSG00000025892,Gria4,1,2
Gria4_9_4793969_-,9,4793969,4795844,-,2,1,153,0,14,21364,1,ENSMUSG00000025892,1,ENSMUSG00000025892,1,ENSMUSG00000025892,Gria4,1,2
Mcoln1_8_3564782_+,8,3562866,3564782,+,1,1,9208,0,25,7908,1,ENSMUSG00000004567,1,ENSMUSG00000004567,1,ENSMUSG00000004567,Mcoln1,1,3
Mcoln1_8_3564782_+,8,3562998,3564782,+,1,0,281,0,25,7914,2,,1,ENSMUSG00000004567,1,ENSMUSG00000004567,Mcoln1,1,3
Mcoln1_8_3564782_+,8,3563556,3564782,+,1,0,356,1,23,7926,2,,1,ENSMUSG00000004567,1,ENSMUSG00000004567,Mcoln1,1,3
Gria3_X_40765216_+,X,40761314,40765216,+,1,0,132,0,24,270308,2,,1,ENSMUSG00000001986,1,ENSMUSG00000001986,Gria3,1,3
Gria3_X_40765216_+,X,40761344,40765216,+,1,1,13070,11,25,270310,1,ENSMUSG00000001986,1,ENSMUSG00000001986,1,ENSMUSG00000001986,Gria3,1,3
Gria3_X_40765216_+,X,40761355,40765216,+,1,0,214,0,25,270311,2,,1,ENSMUSG00000001986,1,ENSMUSG00000001986,Gria3,1,3
Cacna1a_8_85328017_+,8,85320850,85328017,+,1,1,1068,29,22,566256,1,ENSMUSG00000034656,1,ENSMUSG00000034656,1,ENSMUSG00000034656,Cacna1a,1,2
Cacna1a_8_85328017_+,8,85327291,85328017,+,1,1,154,6,23,566305,0,ENSMUSG00000034656,1,ENSMUSG00000034656,1,ENSMUSG00000034656,Cacna1a,1,2
Cacna1e_1_154362454_-,1,154362454,154363789,-,2,1,423,0,5,914458,1,ENSMUSG00000004110,1,ENSMUSG00000004110,1,ENSMUSG00000004110,Cacna1e,1,2
Cacna1e_1_154362454_-,1,154362454,154364530,-,2,1,204,0,15,914459,1,ENSMUSG00000004110,1,ENSMUSG00000004110,1,ENSMUSG00000004110,Cacna1e,1,2
Gabra4_5_71795619_-,5,71795619,71798170,-,2,1,8132,0,20,468449,1,ENSMUSG00000029211,1,ENSMUSG00000029211,1,ENSMUSG00000029211,Gabra4,1,2
Gabra4_5_71795619_-,5,71795619,71814513,-,2,1,663,1,25,468453,1,ENSMUSG00000029211,0,ENSMUSG00000029211,1,ENSMUSG00000029211,Gabra4,1,2
Trpm2_10_77766492_-,10,77766492,77767193,-,2,0,123,0,24,513295,0,ENSMUSG00000009292,2,,1,ENSMUSG00000009292,Trpm2,1,2
Trpm2_10_77766492_-,10,77766492,77767968,-,2,1,105,1,11,513297,0,ENSMUSG00000009292,1,ENSMUSG00000009292,1,ENSMUSG00000009292,Trpm2,1,2
Trpc6_9_8652936_+,9,8643724,8652936,+,1,1,583,2,20,51222,1,ENSMUSG00000031997,1,ENSMUSG00000031997,1,ENSMUSG00000031997,Trpc6,1,2
Trpc6_9_8652936_+,9,8649533,8652936,+,1,1,3324,0,21,51280,1,ENSMUSG00000031997,1,ENSMUSG00000031997,1,ENSMUSG00000031997,Trpc6,1,2
Trpc4_3_54187283_+,3,54173774,54187283,+,1,0,517,2,7,351536,2,,1,ENSMUSG00000027748,1,ENSMUSG00000027748,Trpc4,1,4
Trpc4_3_54187283_+,3,54173789,54187283,+,3,1,495,2,25,351539,0,ENSMUSG00000027748,1,ENSMUSG00000027748,1,ENSMUSG00000027748,Trpc4,1,4
Trpc4_3_54187283_+,3,54173831,54187283,+,1,0,107,0,25,351541,2,,1,ENSMUSG00000027748,1,ENSMUSG00000027748,Trpc4,1,4
Trpc4_3_54187283_+,3,54173842,54187283,+,1,1,2042,0,13,351542,1,ENSMUSG00000027748,1,ENSMUSG00000027748,1,ENSMUSG00000027748,Trpc4,1,4
Trpc4_3_54102073_+,3,54063681,54102073,+,1,1,2278,3,22,351248,1,ENSMUSG00000027748,1,ENSMUSG00000027748,1,ENSMUSG00000027748,Trpc4,1,2
Trpc4_3_54102073_+,3,54064131,54102073,+,1,1,551,1,21,351254,0,ENSMUSG00000027748,1,ENSMUSG00000027748,1,ENSMUSG00000027748,Trpc4,1,2
Trpc1_9_95614263_-,9,95614263,95618872,-,2,1,660,0,20,635667,1,ENSMUSG00000032839,1,ENSMUSG00000032839,1,ENSMUSG00000032839,Trpc1,1,3
Trpc1_9_95614263_-,9,95614263,95625249,-,2,1,349,1,15,635669,1,ENSMUSG00000032839,1,ENSMUSG00000032839,1,ENSMUSG00000032839,Trpc1,1,3
Trpc1_9_95614263_-,9,95614263,95631720,-,2,1,111,0,12,635672,1,ENSMUSG00000032839,1,ENSMUSG00000032839,1,ENSMUSG00000032839,Trpc1,1,3
Glrb_3_80787040_-,3,80787040,80816093,-,2,1,137,0,23,535766,1,ENSMUSG00000028020,0,ENSMUSG00000028020,1,ENSMUSG00000028020,Glrb,1,2
Glrb_3_80787040_-,3,80787040,80819274,-,2,1,11928,0,25,535772,1,ENSMUSG00000028020,1,ENSMUSG00000028020,1,ENSMUSG00000028020,Glrb,1,2
Gria1_11_57133574_+,11,57127831,57133574,+,1,1,300,2,5,373824,1,ENSMUSG00000020524,1,ENSMUSG00000020524,1,ENSMUSG00000020524,Gria1,1,2
Gria1_11_57133574_+,11,57128980,57133574,+,1,1,20035,27,21,373837,1,ENSMUSG00000020524,1,ENSMUSG00000020524,1,ENSMUSG00000020524,Gria1,1,2
Gria4_9_4472219_-,9,4472219,4477689,-,2,0,100,0,19,17835,1,ENSMUSG00000025892,2,,1,ENSMUSG00000025892,Gria4,1,2
Gria4_9_4472219_-,9,4472219,4480177,-,2,1,10773,7,19,17836,1,ENSMUSG00000025892,1,ENSMUSG00000025892,1,ENSMUSG00000025892,Gria4,1,2
Grik1_16_87711293_-,16,87711293,87719964,-,2,1,12652,6,25,583381,1,ENSMUSG00000022935,1,ENSMUSG00000022935,1,ENSMUSG00000022935,Grik1,1,2
Grik1_16_87711293_-,16,87711293,87732785,-,2,1,293,7,12,583383,1,ENSMUSG00000022935,1,ENSMUSG00000022935,1,ENSMUSG00000022935,Grik1,1,2
Pkd2_5_104634512_+,5,104630998,104634512,+,1,0,96,0,24,691004,2,,1,ENSMUSG00000034462,1,ENSMUSG00000034462,Pkd2,1,2
Pkd2_5_104634512_+,5,104631120,104634512,+,1,1,611,1,19,691006,1,ENSMUSG00000034462,1,ENSMUSG00000034462,1,ENSMUSG00000034462,Pkd2,1,2
Kcns3_12_11178489_-,12,11178489,11200185,-,2,0,88,1,24,67892,2,,1,ENSMUSG00000043673,1,ENSMUSG00000043673,Kcns3,1,2
Kcns3_12_11178489_-,12,11178489,11200952,-,2,0,272,0,24,67894,2,,0,ENSMUSG00000043673,1,ENSMUSG00000043673,Kcns3,1,2
